Build Failure Diagnostic Report - 2026-09-20_07-49-04
Target Config: JDC-ATHENA
Commit SHA: 345a5baaf134c780fc39dee938754814b3cfb128
=========================================================
--- 🚨 CRITICAL ERROR SUMMARY (罪魁祸首摘要表) 🚨 ---
    WARNING: Image file /mnt/build_wrt/build_dir/target-aarch64_cortex-a53_musl/linux-qualcommax_ipq60xx/jdcloud_re-cs-02-uImage.itb is too big: 6378592 > 6291456
/mnt/build_wrt/build_dir/target-aarch64_cortex-a53_musl/linux-qualcommax_ipq60xx/target-dir-c4e4fd53/etc/init.d/gecoosac: line 3: /lib/functions.sh: No such file or directory
/mnt/build_wrt/build_dir/target-aarch64_cortex-a53_musl/linux-qualcommax_ipq60xx/target-dir-c4e4fd53/etc/init.d/gecoosac: line 4: /lib/functions/procd.sh: No such file or directory
/mnt/build_wrt/build_dir/target-aarch64_cortex-a53_musl/linux-qualcommax_ipq60xx/target-dir-c4e4fd53/etc/init.d/gecoosac: line 5: /usr/share/gecoosac/runtime.sh: No such file or directory
/mnt/build_wrt/build_dir/target-aarch64_cortex-a53_musl/linux-qualcommax_ipq60xx/target-dir-c4e4fd53/usr/share/openclash/uci.sh: line 2: /lib/functions.sh: No such file or directory
/mnt/build_wrt/build_dir/target-aarch64_cortex-a53_musl/linux-qualcommax_ipq60xx/target-dir-c4e4fd53/usr/share/openclash/uci.sh: line 2: /lib/functions.sh: No such file or directory
/mnt/build_wrt/build_dir/target-aarch64_cortex-a53_musl/linux-qualcommax_ipq60xx/target-dir-c4e4fd53/usr/share/openclash/openclash_curl.sh: line 2: /usr/share/openclash/log.sh: No such file or directory
/mnt/build_wrt/build_dir/target-aarch64_cortex-a53_musl/linux-qualcommax_ipq60xx/target-dir-c4e4fd53/usr/share/openclash/openclash_curl.sh: line 3: /usr/share/openclash/openclash_etag.sh: No such file or directory
/mnt/build_wrt/build_dir/target-aarch64_cortex-a53_musl/linux-qualcommax_ipq60xx/target-dir-c4e4fd53/usr/share/passwall/utils.sh: line 32: /lib/functions/network.sh: No such file or directory
/mnt/build_wrt/build_dir/target-aarch64_cortex-a53_musl/linux-qualcommax_ipq60xx/target-dir-c4e4fd53/etc/init.d/wolultra: line 3: /lib/functions.sh: No such file or directory
./etc/init.d/gecoosac: line 3: /lib/functions.sh: No such file or directory
./etc/init.d/gecoosac: line 4: /lib/functions/procd.sh: No such file or directory
./etc/init.d/gecoosac: line 5: /usr/share/gecoosac/runtime.sh: No such file or directory
/mnt/build_wrt/build_dir/target-aarch64_cortex-a53_musl/linux-qualcommax_ipq60xx/target-dir-c4e4fd53/usr/share/openclash/uci.sh: line 2: /lib/functions.sh: No such file or directory
/mnt/build_wrt/build_dir/target-aarch64_cortex-a53_musl/linux-qualcommax_ipq60xx/target-dir-c4e4fd53/usr/share/openclash/uci.sh: line 2: /lib/functions.sh: No such file or directory
/mnt/build_wrt/build_dir/target-aarch64_cortex-a53_musl/linux-qualcommax_ipq60xx/target-dir-c4e4fd53/usr/share/openclash/openclash_curl.sh: line 2: /usr/share/openclash/log.sh: No such file or directory
/mnt/build_wrt/build_dir/target-aarch64_cortex-a53_musl/linux-qualcommax_ipq60xx/target-dir-c4e4fd53/usr/share/openclash/openclash_curl.sh: line 3: /usr/share/openclash/openclash_etag.sh: No such file or directory
/mnt/build_wrt/build_dir/target-aarch64_cortex-a53_musl/linux-qualcommax_ipq60xx/target-dir-c4e4fd53/usr/share/passwall/utils.sh: line 32: /lib/functions/network.sh: No such file or directory
./etc/init.d/wolultra: line 3: /lib/functions.sh: No such file or directory
make[5]: *** [Makefile:42: /mnt/build_wrt/build_dir/target-aarch64_cortex-a53_musl/linux-qualcommax_ipq60xx/tmp/immortalwrt-qualcommax-ipq60xx-jdcloud_re-cs-02-squashfs-sysupgrade.bin] Error 1
make[4]: *** [Makefile:38: install] Error 2
make[3]: *** [Makefile:12: install] Error 2
make[2]: *** [target/Makefile:32: target/linux/install] Error 1
make[1]: *** [target/Makefile:26: /mnt/build_wrt/staging_dir/target-aarch64_cortex-a53_musl/stamp/.target_install] Error 2
make: *** [/mnt/build_wrt/include/toplevel.mk:233: world] Error 2
=========================================================

--- VERBOSE BUILD OUTPUT (LAST 500 LINES) ---
(532/541) Installing usbutils (019-r1)
(533/541) Installing usbmuxd (2025.02.01~523f7004-r1)
(534/541) Installing v2ray-plugin (5.49.0-r1)
(535/541) Installing vmlinux-btf (6.18.44-r6)
(536/541) Installing wpad-openssl (2026.08.07~831364bf-r2)
(537/541) Installing wsdd2 (2023.12.21~b676d8ac-r2)
(538/541) Installing xray-core (26.3.27-r1)
(539/541) Installing xz-utils (5.8.3-r1)
(540/541) Installing zoneinfo-core (2026c-r1)
(541/541) Installing zoneinfo-asia (2026c-r1)
OK: 587.5 MiB in 541 packages
rm -rf /mnt/build_wrt/build_dir/target-aarch64_cortex-a53_musl/root-qualcommax/run
cp -fpR /mnt/build_wrt/build_dir/target-aarch64_cortex-a53_musl/root-qualcommax /mnt/build_wrt/build_dir/target-aarch64_cortex-a53_musl/root.orig-qualcommax
add alternative: /bin/base64 -> /usr/libexec/base64-coreutils
add alternative: /usr/bin/nohup -> /usr/libexec/nohup-coreutils
add alternative: /usr/bin/timeout -> /usr/libexec/timeout-coreutils
add alternative: /usr/bin/scp -> /usr/sbin/dropbear
add alternative: /usr/bin/ssh -> /usr/sbin/dropbear
add alternative: /usr/bin/flock -> /usr/bin/util-linux-flock
add alternative: /sbin/ip -> /usr/libexec/ip-full
add alternative: /usr/sbin/ip6tables -> xtables-nft-multi
add alternative: /usr/sbin/ip6tables-restore -> xtables-nft-multi
add alternative: /usr/sbin/ip6tables-save -> xtables-nft-multi
add alternative: /usr/sbin/ip6tables-nft -> xtables-nft-multi
add alternative: /usr/sbin/ip6tables-nft-restore -> xtables-nft-multi
add alternative: /usr/sbin/ip6tables-nft-save -> xtables-nft-multi
add alternative: /usr/sbin/ip6tables-restore-translate -> xtables-nft-multi
add alternative: /usr/sbin/ip6tables-translate -> xtables-nft-multi
add alternative: /usr/sbin/iptables -> xtables-nft-multi
add alternative: /usr/sbin/iptables-restore -> xtables-nft-multi
add alternative: /usr/sbin/iptables-save -> xtables-nft-multi
add alternative: /usr/sbin/iptables-nft -> xtables-nft-multi
add alternative: /usr/sbin/iptables-nft-restore -> xtables-nft-multi
add alternative: /usr/sbin/iptables-nft-save -> xtables-nft-multi
add alternative: /usr/sbin/iptables-restore-translate -> xtables-nft-multi
add alternative: /usr/sbin/iptables-translate -> xtables-nft-multi
add alternative: /sbin/logread -> /usr/libexec/logread-ubox
/mnt/build_wrt/build_dir/target-aarch64_cortex-a53_musl/root-qualcommax/etc/init.d/gecoosac: line 3: /lib/functions.sh: No such file or directory
/mnt/build_wrt/build_dir/target-aarch64_cortex-a53_musl/root-qualcommax/etc/init.d/gecoosac: line 4: /lib/functions/procd.sh: No such file or directory
/mnt/build_wrt/build_dir/target-aarch64_cortex-a53_musl/root-qualcommax/etc/init.d/gecoosac: line 5: /usr/share/gecoosac/runtime.sh: No such file or directory
/mnt/build_wrt/build_dir/target-aarch64_cortex-a53_musl/root-qualcommax/etc/init.d/homeproxy: line 25: uci: command not found
/mnt/build_wrt/build_dir/target-aarch64_cortex-a53_musl/root-qualcommax/usr/share/openclash/uci.sh: line 2: /lib/functions.sh: No such file or directory
/mnt/build_wrt/build_dir/target-aarch64_cortex-a53_musl/root-qualcommax/usr/share/openclash/uci.sh: line 2: /lib/functions.sh: No such file or directory
/mnt/build_wrt/build_dir/target-aarch64_cortex-a53_musl/root-qualcommax/usr/share/openclash/openclash_curl.sh: line 2: /usr/share/openclash/log.sh: No such file or directory
/mnt/build_wrt/build_dir/target-aarch64_cortex-a53_musl/root-qualcommax/usr/share/openclash/openclash_curl.sh: line 3: /usr/share/openclash/openclash_etag.sh: No such file or directory
/mnt/build_wrt/build_dir/target-aarch64_cortex-a53_musl/root-qualcommax/usr/share/passwall/utils.sh: line 32: /lib/functions/network.sh: No such file or directory
/mnt/build_wrt/build_dir/target-aarch64_cortex-a53_musl/root-qualcommax/etc/init.d/wolultra: line 3: /lib/functions.sh: No such file or directory
add alternative: /usr/bin/mihomo -> /usr/libexec/mihomo
add alternative: /usr/bin/ssh-keygen -> /usr/libexec/ssh-keygen-openssh
add alternative: /sbin/rmmod -> /sbin/kmodloader
add alternative: /sbin/insmod -> /sbin/kmodloader
add alternative: /sbin/lsmod -> /sbin/kmodloader
add alternative: /sbin/modinfo -> /sbin/kmodloader
add alternative: /sbin/modprobe -> /sbin/kmodloader
add alternative: /usr/bin/wget -> /bin/uclient-fetch
add alternative: /usr/bin/lsusb -> /usr/libexec/lsusb-usbutils
Enabling athena_led
Enabling autoreboot
Enabling avahi-daemon
Enabling boot
Enabling bootcount
Enabling cpufreq
Enabling cron
Enabling dbus
Enabling dnsmasq
Enabling dockerd
Enabling done
Enabling dropbear
Enabling etherwake
Enabling firewall
Enabling fstab
./etc/init.d/gecoosac: line 3: /lib/functions.sh: No such file or directory
./etc/init.d/gecoosac: line 4: /lib/functions/procd.sh: No such file or directory
./etc/init.d/gecoosac: line 5: /usr/share/gecoosac/runtime.sh: No such file or directory
Enabling gecoosac
Enabling gpio_switch
Enabling haproxy
./etc/init.d/homeproxy: line 25: uci: command not found
Enabling homeproxy
Enabling led
Enabling log
Enabling microsocks
Enabling miniupnpd
Enabling network
Enabling nikki
Enabling nss_freq
Enabling odhcpd
/mnt/build_wrt/build_dir/target-aarch64_cortex-a53_musl/root-qualcommax/usr/share/openclash/uci.sh: line 2: /lib/functions.sh: No such file or directory
/mnt/build_wrt/build_dir/target-aarch64_cortex-a53_musl/root-qualcommax/usr/share/openclash/uci.sh: line 2: /lib/functions.sh: No such file or directory
/mnt/build_wrt/build_dir/target-aarch64_cortex-a53_musl/root-qualcommax/usr/share/openclash/openclash_curl.sh: line 2: /usr/share/openclash/log.sh: No such file or directory
/mnt/build_wrt/build_dir/target-aarch64_cortex-a53_musl/root-qualcommax/usr/share/openclash/openclash_curl.sh: line 3: /usr/share/openclash/openclash_etag.sh: No such file or directory
Enabling openclash
Enabling openssl
Enabling packet_steering
/mnt/build_wrt/build_dir/target-aarch64_cortex-a53_musl/root-qualcommax/usr/share/passwall/utils.sh: line 32: /lib/functions/network.sh: No such file or directory
Enabling passwall
Enabling passwall_server
Enabling qca-nss-drv
Enabling qca-nss-ecm
Enabling qca-nss-netlink
Enabling qca-nss-pbuf
Enabling radius
Enabling relayd
Enabling rpcd
Enabling samba4
Enabling set-irq-affinity
Enabling sing-box
Enabling skb_recycler
Enabling smp_affinity
Enabling sysctl
Enabling sysfixtime
Enabling sysntpd
Enabling system
Enabling ttyd
Enabling ubihealthd
Enabling ucitrack
Enabling uhttpd
Enabling umount
Enabling urandom_seed
Enabling urngd
Enabling usbmode
Enabling usbmuxd
./etc/init.d/wolultra: line 3: /lib/functions.sh: No such file or directory
Enabling wolultra
Enabling wpad
Enabling wsdd2
Enabling xray
rm -rf /mnt/build_wrt/build_dir/target-aarch64_cortex-a53_musl/root-qualcommax/boot /mnt/build_wrt/build_dir/target-aarch64_cortex-a53_musl/root-qualcommax/tmp/* /mnt/build_wrt/build_dir/target-aarch64_cortex-a53_musl/root-qualcommax/lib/apk/db/*.post-install* /mnt/build_wrt/build_dir/target-aarch64_cortex-a53_musl/root-qualcommax/usr/lib/opkg/info/*.postinst* /mnt/build_wrt/build_dir/target-aarch64_cortex-a53_musl/root-qualcommax/usr/lib/opkg/lists/* /mnt/build_wrt/build_dir/target-aarch64_cortex-a53_musl/root-qualcommax/var/lock/*.lock
find /mnt/build_wrt/build_dir/target-aarch64_cortex-a53_musl/root-qualcommax/ -mindepth 1 -execdir touch -hcd "@1788757852" "{}" +
make[2]: Leaving directory '/mnt/build_wrt'
make[2]: Entering directory '/mnt/build_wrt'
make[3]: Entering directory '/mnt/build_wrt/target/linux'
make[4]: Entering directory '/mnt/build_wrt/target/linux/qualcommax'
rm -f /mnt/build_wrt/build_dir/target-aarch64_cortex-a53_musl/linux-qualcommax_ipq60xx/linux-6.18.44/localversion
/mnt/build_wrt/scripts/kconfig.pl  + + /mnt/build_wrt/target/linux/generic/config-6.18 /mnt/build_wrt/target/linux/qualcommax/config-6.18 /mnt/build_wrt/target/linux/qualcommax/ipq60xx/config-default > /mnt/build_wrt/build_dir/target-aarch64_cortex-a53_musl/linux-qualcommax_ipq60xx/linux-6.18.44/.config.target
awk '/^(#[[:space:]]+)?CONFIG_KERNEL/{sub("CONFIG_KERNEL_","CONFIG_");print}' /mnt/build_wrt/.config >> /mnt/build_wrt/build_dir/target-aarch64_cortex-a53_musl/linux-qualcommax_ipq60xx/linux-6.18.44/.config.target
echo "# CONFIG_KALLSYMS_EXTRA_PASS is not set" >> /mnt/build_wrt/build_dir/target-aarch64_cortex-a53_musl/linux-qualcommax_ipq60xx/linux-6.18.44/.config.target
echo "# CONFIG_KALLSYMS_ALL is not set" >> /mnt/build_wrt/build_dir/target-aarch64_cortex-a53_musl/linux-qualcommax_ipq60xx/linux-6.18.44/.config.target
echo "CONFIG_KALLSYMS_UNCOMPRESSED=y" >> /mnt/build_wrt/build_dir/target-aarch64_cortex-a53_musl/linux-qualcommax_ipq60xx/linux-6.18.44/.config.target
/mnt/build_wrt/scripts/package-metadata.pl kconfig /mnt/build_wrt/tmp/.packageinfo /mnt/build_wrt/.config 6.18 > /mnt/build_wrt/build_dir/target-aarch64_cortex-a53_musl/linux-qualcommax_ipq60xx/linux-6.18.44/.config.override
/mnt/build_wrt/scripts/kconfig.pl 'm+' '+' /mnt/build_wrt/build_dir/target-aarch64_cortex-a53_musl/linux-qualcommax_ipq60xx/linux-6.18.44/.config.target /dev/null /mnt/build_wrt/build_dir/target-aarch64_cortex-a53_musl/linux-qualcommax_ipq60xx/linux-6.18.44/.config.override > /mnt/build_wrt/build_dir/target-aarch64_cortex-a53_musl/linux-qualcommax_ipq60xx/linux-6.18.44/.config.set
mv /mnt/build_wrt/build_dir/target-aarch64_cortex-a53_musl/linux-qualcommax_ipq60xx/linux-6.18.44/.config.set /mnt/build_wrt/build_dir/target-aarch64_cortex-a53_musl/linux-qualcommax_ipq60xx/linux-6.18.44/.config.old
grep -v INITRAMFS /mnt/build_wrt/build_dir/target-aarch64_cortex-a53_musl/linux-qualcommax_ipq60xx/linux-6.18.44/.config.old > /mnt/build_wrt/build_dir/target-aarch64_cortex-a53_musl/linux-qualcommax_ipq60xx/linux-6.18.44/.config.set
echo 'CONFIG_INITRAMFS_SOURCE=""' >> /mnt/build_wrt/build_dir/target-aarch64_cortex-a53_musl/linux-qualcommax_ipq60xx/linux-6.18.44/.config.set
echo '# CONFIG_INITRAMFS_FORCE is not set' >> /mnt/build_wrt/build_dir/target-aarch64_cortex-a53_musl/linux-qualcommax_ipq60xx/linux-6.18.44/.config.set
echo "# CONFIG_INITRAMFS_PRESERVE_MTIME is not set" >> /mnt/build_wrt/build_dir/target-aarch64_cortex-a53_musl/linux-qualcommax_ipq60xx/linux-6.18.44/.config.set
rm -rf /mnt/build_wrt/build_dir/target-aarch64_cortex-a53_musl/linux-qualcommax_ipq60xx/modules
cmp -s /mnt/build_wrt/build_dir/target-aarch64_cortex-a53_musl/linux-qualcommax_ipq60xx/linux-6.18.44/.config.set /mnt/build_wrt/build_dir/target-aarch64_cortex-a53_musl/linux-qualcommax_ipq60xx/linux-6.18.44/.config.prev || { cp /mnt/build_wrt/build_dir/target-aarch64_cortex-a53_musl/linux-qualcommax_ipq60xx/linux-6.18.44/.config.set /mnt/build_wrt/build_dir/target-aarch64_cortex-a53_musl/linux-qualcommax_ipq60xx/linux-6.18.44/.config; cp /mnt/build_wrt/build_dir/target-aarch64_cortex-a53_musl/linux-qualcommax_ipq60xx/linux-6.18.44/.config.set /mnt/build_wrt/build_dir/target-aarch64_cortex-a53_musl/linux-qualcommax_ipq60xx/linux-6.18.44/.config.prev; }
export MAKEFLAGS= ; [ -d /mnt/build_wrt/build_dir/target-aarch64_cortex-a53_musl/linux-qualcommax_ipq60xx/linux-6.18.44/user_headers ] || make -C /mnt/build_wrt/build_dir/target-aarch64_cortex-a53_musl/linux-qualcommax_ipq60xx/linux-6.18.44 KCFLAGS="-fmacro-prefix-map=/mnt/build_wrt/build_dir/target-aarch64_cortex-a53_musl=target-aarch64_cortex-a53_musl -fno-caller-saves " KAFLAGS="-fmacro-prefix-map=/mnt/build_wrt/build_dir/target-aarch64_cortex-a53_musl=target-aarch64_cortex-a53_musl" HOSTCFLAGS="-O2 -I/mnt/build_wrt/staging_dir/host/include -Wall -Wmissing-prototypes -Wstrict-prototypes" CROSS_COMPILE="aarch64-openwrt-linux-musl-" ARCH="arm64" KBUILD_HAVE_NLS=no KBUILD_BUILD_USER="" KBUILD_BUILD_HOST="" KBUILD_BUILD_TIMESTAMP="Mon Sep  7 05:10:52 2026" KBUILD_BUILD_VERSION="0" KBUILD_HOSTLDFLAGS="-L/mnt/build_wrt/staging_dir/host/lib" CONFIG_SHELL="bash" V=''  cmd_syscalls=  CC="ccache aarch64-openwrt-linux-musl-gcc" KERNELRELEASE=6.18.44  INSTALL_HDR_PATH=/mnt/build_wrt/build_dir/target-aarch64_cortex-a53_musl/linux-qualcommax_ipq60xx/linux-6.18.44/user_headers headers_install
grep '=[ym]' /mnt/build_wrt/build_dir/target-aarch64_cortex-a53_musl/linux-qualcommax_ipq60xx/linux-6.18.44/.config.set | LC_ALL=C sort | /mnt/build_wrt/staging_dir/host/bin/mkhash md5 > /mnt/build_wrt/build_dir/target-aarch64_cortex-a53_musl/linux-qualcommax_ipq60xx/linux-6.18.44/.vermagic
touch /mnt/build_wrt/build_dir/target-aarch64_cortex-a53_musl/linux-qualcommax_ipq60xx/linux-6.18.44/.configured
rm -f /mnt/build_wrt/build_dir/target-aarch64_cortex-a53_musl/root-qualcommax/init
make -C /mnt/build_wrt/build_dir/target-aarch64_cortex-a53_musl/linux-qualcommax_ipq60xx/linux-6.18.44 KCFLAGS="-fmacro-prefix-map=/mnt/build_wrt/build_dir/target-aarch64_cortex-a53_musl=target-aarch64_cortex-a53_musl -fno-caller-saves " KAFLAGS="-fmacro-prefix-map=/mnt/build_wrt/build_dir/target-aarch64_cortex-a53_musl=target-aarch64_cortex-a53_musl" HOSTCFLAGS="-O2 -I/mnt/build_wrt/staging_dir/host/include -Wall -Wmissing-prototypes -Wstrict-prototypes" CROSS_COMPILE="aarch64-openwrt-linux-musl-" ARCH="arm64" KBUILD_HAVE_NLS=no KBUILD_BUILD_USER="" KBUILD_BUILD_HOST="" KBUILD_BUILD_TIMESTAMP="Mon Sep  7 05:10:52 2026" KBUILD_BUILD_VERSION="0" KBUILD_HOSTLDFLAGS="-L/mnt/build_wrt/staging_dir/host/lib" CONFIG_SHELL="bash" V=''  cmd_syscalls=  CC="ccache aarch64-openwrt-linux-musl-gcc" KERNELRELEASE=6.18.44  Image
make[5]: Entering directory '/mnt/build_wrt/build_dir/target-aarch64_cortex-a53_musl/linux-qualcommax_ipq60xx/linux-6.18.44'
make[5]: Leaving directory '/mnt/build_wrt/build_dir/target-aarch64_cortex-a53_musl/linux-qualcommax_ipq60xx/linux-6.18.44'
cmp -s /mnt/build_wrt/build_dir/target-aarch64_cortex-a53_musl/linux-qualcommax_ipq60xx/linux-6.18.44/vmlinux /mnt/build_wrt/build_dir/target-aarch64_cortex-a53_musl/linux-qualcommax_ipq60xx/vmlinux.debug || { aarch64-openwrt-linux-musl-objcopy -O binary -R .reginfo -R .notes -R .note -R .comment -R .mdebug -R .note.gnu.build-id -S /mnt/build_wrt/build_dir/target-aarch64_cortex-a53_musl/linux-qualcommax_ipq60xx/linux-6.18.44/vmlinux /mnt/build_wrt/build_dir/target-aarch64_cortex-a53_musl/linux-qualcommax_ipq60xx/vmlinux; aarch64-openwrt-linux-musl-objcopy -R .reginfo -R .notes -R .note -R .comment -R .mdebug -R .note.gnu.build-id -S /mnt/build_wrt/build_dir/target-aarch64_cortex-a53_musl/linux-qualcommax_ipq60xx/linux-6.18.44/vmlinux /mnt/build_wrt/build_dir/target-aarch64_cortex-a53_musl/linux-qualcommax_ipq60xx/vmlinux.elf; cp -fpR /mnt/build_wrt/build_dir/target-aarch64_cortex-a53_musl/linux-qualcommax_ipq60xx/linux-6.18.44/vmlinux /mnt/build_wrt/build_dir/target-aarch64_cortex-a53_musl/linux-qualcommax_ipq60xx/vmlinux.debug;  cp -fpR /mnt/build_wrt/build_dir/target-aarch64_cortex-a53_musl/linux-qualcommax_ipq60xx/linux-6.18.44/arch/arm64/boot//Image /mnt/build_wrt/build_dir/target-aarch64_cortex-a53_musl/linux-qualcommax_ipq60xx/Image;  }
touch /mnt/build_wrt/build_dir/target-aarch64_cortex-a53_musl/linux-qualcommax_ipq60xx/linux-6.18.44/.image
make -C image compile install TARGET_BUILD=
make[5]: Entering directory '/mnt/build_wrt/target/linux/qualcommax/image'
make[5]: Nothing to be done for 'compile'.
aarch64-openwrt-linux-musl-cpp -nostdinc -x assembler-with-cpp  -I/mnt/build_wrt/build_dir/target-aarch64_cortex-a53_musl/linux-qualcommax_ipq60xx/linux-6.18.44/arch/arm64/boot/dts/qcom -I/mnt/build_wrt/build_dir/target-aarch64_cortex-a53_musl/linux-qualcommax_ipq60xx/linux-6.18.44/arch/arm64/boot/dts/qcom/include -I/mnt/build_wrt/build_dir/target-aarch64_cortex-a53_musl/linux-qualcommax_ipq60xx/linux-6.18.44/include/ -I/mnt/build_wrt/build_dir/target-aarch64_cortex-a53_musl/linux-qualcommax_ipq60xx/linux-6.18.44/scripts/dtc/include-prefixes -undef -D__DTS__  -o /mnt/build_wrt/build_dir/target-aarch64_cortex-a53_musl/linux-qualcommax_ipq60xx/image-ipq6010-mango-dvk.dtb.tmp ../dts/ipq6010-mango-dvk.dts
/mnt/build_wrt/build_dir/target-aarch64_cortex-a53_musl/linux-qualcommax_ipq60xx/linux-6.18.44/scripts/dtc/dtc -O dtb -i../dts/ -Wno-interrupt_provider -Wno-unique_unit_address -Wno-unit_address_vs_reg -Wno-avoid_unnecessary_addr_size -Wno-alias_paths -Wno-graph_child_address -Wno-simple_bus_reg    -o /mnt/build_wrt/build_dir/target-aarch64_cortex-a53_musl/linux-qualcommax_ipq60xx/image-ipq6010-mango-dvk.dtb /mnt/build_wrt/build_dir/target-aarch64_cortex-a53_musl/linux-qualcommax_ipq60xx/image-ipq6010-mango-dvk.dtb.tmp
rm -f /mnt/build_wrt/build_dir/target-aarch64_cortex-a53_musl/linux-qualcommax_ipq60xx/image-ipq6010-mango-dvk.dtb.tmp
aarch64-openwrt-linux-musl-cpp -nostdinc -x assembler-with-cpp  -I/mnt/build_wrt/build_dir/target-aarch64_cortex-a53_musl/linux-qualcommax_ipq60xx/linux-6.18.44/arch/arm64/boot/dts/qcom -I/mnt/build_wrt/build_dir/target-aarch64_cortex-a53_musl/linux-qualcommax_ipq60xx/linux-6.18.44/arch/arm64/boot/dts/qcom/include -I/mnt/build_wrt/build_dir/target-aarch64_cortex-a53_musl/linux-qualcommax_ipq60xx/linux-6.18.44/include/ -I/mnt/build_wrt/build_dir/target-aarch64_cortex-a53_musl/linux-qualcommax_ipq60xx/linux-6.18.44/scripts/dtc/include-prefixes -undef -D__DTS__  -o /mnt/build_wrt/build_dir/target-aarch64_cortex-a53_musl/linux-qualcommax_ipq60xx/image-ipq6000-ap120c-ax.dtb.tmp ../dts/ipq6000-ap120c-ax.dts
/mnt/build_wrt/build_dir/target-aarch64_cortex-a53_musl/linux-qualcommax_ipq60xx/linux-6.18.44/scripts/dtc/dtc -O dtb -i../dts/ -Wno-interrupt_provider -Wno-unique_unit_address -Wno-unit_address_vs_reg -Wno-avoid_unnecessary_addr_size -Wno-alias_paths -Wno-graph_child_address -Wno-simple_bus_reg    -o /mnt/build_wrt/build_dir/target-aarch64_cortex-a53_musl/linux-qualcommax_ipq60xx/image-ipq6000-ap120c-ax.dtb /mnt/build_wrt/build_dir/target-aarch64_cortex-a53_musl/linux-qualcommax_ipq60xx/image-ipq6000-ap120c-ax.dtb.tmp
rm -f /mnt/build_wrt/build_dir/target-aarch64_cortex-a53_musl/linux-qualcommax_ipq60xx/image-ipq6000-ap120c-ax.dtb.tmp
aarch64-openwrt-linux-musl-cpp -nostdinc -x assembler-with-cpp  -I/mnt/build_wrt/build_dir/target-aarch64_cortex-a53_musl/linux-qualcommax_ipq60xx/linux-6.18.44/arch/arm64/boot/dts/qcom -I/mnt/build_wrt/build_dir/target-aarch64_cortex-a53_musl/linux-qualcommax_ipq60xx/linux-6.18.44/arch/arm64/boot/dts/qcom/include -I/mnt/build_wrt/build_dir/target-aarch64_cortex-a53_musl/linux-qualcommax_ipq60xx/linux-6.18.44/include/ -I/mnt/build_wrt/build_dir/target-aarch64_cortex-a53_musl/linux-qualcommax_ipq60xx/linux-6.18.44/scripts/dtc/include-prefixes -undef -D__DTS__  -o /mnt/build_wrt/build_dir/target-aarch64_cortex-a53_musl/linux-qualcommax_ipq60xx/image-ipq6010-xe3-4.dtb.tmp ../dts/ipq6010-xe3-4.dts
/mnt/build_wrt/build_dir/target-aarch64_cortex-a53_musl/linux-qualcommax_ipq60xx/linux-6.18.44/scripts/dtc/dtc -O dtb -i../dts/ -Wno-interrupt_provider -Wno-unique_unit_address -Wno-unit_address_vs_reg -Wno-avoid_unnecessary_addr_size -Wno-alias_paths -Wno-graph_child_address -Wno-simple_bus_reg    -o /mnt/build_wrt/build_dir/target-aarch64_cortex-a53_musl/linux-qualcommax_ipq60xx/image-ipq6010-xe3-4.dtb /mnt/build_wrt/build_dir/target-aarch64_cortex-a53_musl/linux-qualcommax_ipq60xx/image-ipq6010-xe3-4.dtb.tmp
rm -f /mnt/build_wrt/build_dir/target-aarch64_cortex-a53_musl/linux-qualcommax_ipq60xx/image-ipq6010-xe3-4.dtb.tmp
aarch64-openwrt-linux-musl-cpp -nostdinc -x assembler-with-cpp  -I/mnt/build_wrt/build_dir/target-aarch64_cortex-a53_musl/linux-qualcommax_ipq60xx/linux-6.18.44/arch/arm64/boot/dts/qcom -I/mnt/build_wrt/build_dir/target-aarch64_cortex-a53_musl/linux-qualcommax_ipq60xx/linux-6.18.44/arch/arm64/boot/dts/qcom/include -I/mnt/build_wrt/build_dir/target-aarch64_cortex-a53_musl/linux-qualcommax_ipq60xx/linux-6.18.44/include/ -I/mnt/build_wrt/build_dir/target-aarch64_cortex-a53_musl/linux-qualcommax_ipq60xx/linux-6.18.44/scripts/dtc/include-prefixes -undef -D__DTS__  -o /mnt/build_wrt/build_dir/target-aarch64_cortex-a53_musl/linux-qualcommax_ipq60xx/image-ipq6000-gl-ax1800.dtb.tmp ../dts/ipq6000-gl-ax1800.dts
/mnt/build_wrt/build_dir/target-aarch64_cortex-a53_musl/linux-qualcommax_ipq60xx/linux-6.18.44/scripts/dtc/dtc -O dtb -i../dts/ -Wno-interrupt_provider -Wno-unique_unit_address -Wno-unit_address_vs_reg -Wno-avoid_unnecessary_addr_size -Wno-alias_paths -Wno-graph_child_address -Wno-simple_bus_reg    -o /mnt/build_wrt/build_dir/target-aarch64_cortex-a53_musl/linux-qualcommax_ipq60xx/image-ipq6000-gl-ax1800.dtb /mnt/build_wrt/build_dir/target-aarch64_cortex-a53_musl/linux-qualcommax_ipq60xx/image-ipq6000-gl-ax1800.dtb.tmp
rm -f /mnt/build_wrt/build_dir/target-aarch64_cortex-a53_musl/linux-qualcommax_ipq60xx/image-ipq6000-gl-ax1800.dtb.tmp
aarch64-openwrt-linux-musl-cpp -nostdinc -x assembler-with-cpp  -I/mnt/build_wrt/build_dir/target-aarch64_cortex-a53_musl/linux-qualcommax_ipq60xx/linux-6.18.44/arch/arm64/boot/dts/qcom -I/mnt/build_wrt/build_dir/target-aarch64_cortex-a53_musl/linux-qualcommax_ipq60xx/linux-6.18.44/arch/arm64/boot/dts/qcom/include -I/mnt/build_wrt/build_dir/target-aarch64_cortex-a53_musl/linux-qualcommax_ipq60xx/linux-6.18.44/include/ -I/mnt/build_wrt/build_dir/target-aarch64_cortex-a53_musl/linux-qualcommax_ipq60xx/linux-6.18.44/scripts/dtc/include-prefixes -undef -D__DTS__  -o /mnt/build_wrt/build_dir/target-aarch64_cortex-a53_musl/linux-qualcommax_ipq60xx/image-ipq6000-gl-axt1800.dtb.tmp ../dts/ipq6000-gl-axt1800.dts
/mnt/build_wrt/build_dir/target-aarch64_cortex-a53_musl/linux-qualcommax_ipq60xx/linux-6.18.44/scripts/dtc/dtc -O dtb -i../dts/ -Wno-interrupt_provider -Wno-unique_unit_address -Wno-unit_address_vs_reg -Wno-avoid_unnecessary_addr_size -Wno-alias_paths -Wno-graph_child_address -Wno-simple_bus_reg    -o /mnt/build_wrt/build_dir/target-aarch64_cortex-a53_musl/linux-qualcommax_ipq60xx/image-ipq6000-gl-axt1800.dtb /mnt/build_wrt/build_dir/target-aarch64_cortex-a53_musl/linux-qualcommax_ipq60xx/image-ipq6000-gl-axt1800.dtb.tmp
rm -f /mnt/build_wrt/build_dir/target-aarch64_cortex-a53_musl/linux-qualcommax_ipq60xx/image-ipq6000-gl-axt1800.dtb.tmp
aarch64-openwrt-linux-musl-cpp -nostdinc -x assembler-with-cpp  -I/mnt/build_wrt/build_dir/target-aarch64_cortex-a53_musl/linux-qualcommax_ipq60xx/linux-6.18.44/arch/arm64/boot/dts/qcom -I/mnt/build_wrt/build_dir/target-aarch64_cortex-a53_musl/linux-qualcommax_ipq60xx/linux-6.18.44/arch/arm64/boot/dts/qcom/include -I/mnt/build_wrt/build_dir/target-aarch64_cortex-a53_musl/linux-qualcommax_ipq60xx/linux-6.18.44/include/ -I/mnt/build_wrt/build_dir/target-aarch64_cortex-a53_musl/linux-qualcommax_ipq60xx/linux-6.18.44/scripts/dtc/include-prefixes -undef -D__DTS__  -o /mnt/build_wrt/build_dir/target-aarch64_cortex-a53_musl/linux-qualcommax_ipq60xx/image-ipq6010-re-cs-02.dtb.tmp ../dts/ipq6010-re-cs-02.dts
/mnt/build_wrt/build_dir/target-aarch64_cortex-a53_musl/linux-qualcommax_ipq60xx/linux-6.18.44/scripts/dtc/dtc -O dtb -i../dts/ -Wno-interrupt_provider -Wno-unique_unit_address -Wno-unit_address_vs_reg -Wno-avoid_unnecessary_addr_size -Wno-alias_paths -Wno-graph_child_address -Wno-simple_bus_reg    -o /mnt/build_wrt/build_dir/target-aarch64_cortex-a53_musl/linux-qualcommax_ipq60xx/image-ipq6010-re-cs-02.dtb /mnt/build_wrt/build_dir/target-aarch64_cortex-a53_musl/linux-qualcommax_ipq60xx/image-ipq6010-re-cs-02.dtb.tmp
rm -f /mnt/build_wrt/build_dir/target-aarch64_cortex-a53_musl/linux-qualcommax_ipq60xx/image-ipq6010-re-cs-02.dtb.tmp
aarch64-openwrt-linux-musl-cpp -nostdinc -x assembler-with-cpp  -I/mnt/build_wrt/build_dir/target-aarch64_cortex-a53_musl/linux-qualcommax_ipq60xx/linux-6.18.44/arch/arm64/boot/dts/qcom -I/mnt/build_wrt/build_dir/target-aarch64_cortex-a53_musl/linux-qualcommax_ipq60xx/linux-6.18.44/arch/arm64/boot/dts/qcom/include -I/mnt/build_wrt/build_dir/target-aarch64_cortex-a53_musl/linux-qualcommax_ipq60xx/linux-6.18.44/include/ -I/mnt/build_wrt/build_dir/target-aarch64_cortex-a53_musl/linux-qualcommax_ipq60xx/linux-6.18.44/scripts/dtc/include-prefixes -undef -D__DTS__  -o /mnt/build_wrt/build_dir/target-aarch64_cortex-a53_musl/linux-qualcommax_ipq60xx/image-ipq6010-re-cs-07.dtb.tmp ../dts/ipq6010-re-cs-07.dts
/mnt/build_wrt/build_dir/target-aarch64_cortex-a53_musl/linux-qualcommax_ipq60xx/linux-6.18.44/scripts/dtc/dtc -O dtb -i../dts/ -Wno-interrupt_provider -Wno-unique_unit_address -Wno-unit_address_vs_reg -Wno-avoid_unnecessary_addr_size -Wno-alias_paths -Wno-graph_child_address -Wno-simple_bus_reg    -o /mnt/build_wrt/build_dir/target-aarch64_cortex-a53_musl/linux-qualcommax_ipq60xx/image-ipq6010-re-cs-07.dtb /mnt/build_wrt/build_dir/target-aarch64_cortex-a53_musl/linux-qualcommax_ipq60xx/image-ipq6010-re-cs-07.dtb.tmp
rm -f /mnt/build_wrt/build_dir/target-aarch64_cortex-a53_musl/linux-qualcommax_ipq60xx/image-ipq6010-re-cs-07.dtb.tmp
aarch64-openwrt-linux-musl-cpp -nostdinc -x assembler-with-cpp  -I/mnt/build_wrt/build_dir/target-aarch64_cortex-a53_musl/linux-qualcommax_ipq60xx/linux-6.18.44/arch/arm64/boot/dts/qcom -I/mnt/build_wrt/build_dir/target-aarch64_cortex-a53_musl/linux-qualcommax_ipq60xx/linux-6.18.44/arch/arm64/boot/dts/qcom/include -I/mnt/build_wrt/build_dir/target-aarch64_cortex-a53_musl/linux-qualcommax_ipq60xx/linux-6.18.44/include/ -I/mnt/build_wrt/build_dir/target-aarch64_cortex-a53_musl/linux-qualcommax_ipq60xx/linux-6.18.44/scripts/dtc/include-prefixes -undef -D__DTS__  -o /mnt/build_wrt/build_dir/target-aarch64_cortex-a53_musl/linux-qualcommax_ipq60xx/image-ipq6000-re-ss-01.dtb.tmp ../dts/ipq6000-re-ss-01.dts
/mnt/build_wrt/build_dir/target-aarch64_cortex-a53_musl/linux-qualcommax_ipq60xx/linux-6.18.44/scripts/dtc/dtc -O dtb -i../dts/ -Wno-interrupt_provider -Wno-unique_unit_address -Wno-unit_address_vs_reg -Wno-avoid_unnecessary_addr_size -Wno-alias_paths -Wno-graph_child_address -Wno-simple_bus_reg    -o /mnt/build_wrt/build_dir/target-aarch64_cortex-a53_musl/linux-qualcommax_ipq60xx/image-ipq6000-re-ss-01.dtb /mnt/build_wrt/build_dir/target-aarch64_cortex-a53_musl/linux-qualcommax_ipq60xx/image-ipq6000-re-ss-01.dtb.tmp
rm -f /mnt/build_wrt/build_dir/target-aarch64_cortex-a53_musl/linux-qualcommax_ipq60xx/image-ipq6000-re-ss-01.dtb.tmp
aarch64-openwrt-linux-musl-cpp -nostdinc -x assembler-with-cpp  -I/mnt/build_wrt/build_dir/target-aarch64_cortex-a53_musl/linux-qualcommax_ipq60xx/linux-6.18.44/arch/arm64/boot/dts/qcom -I/mnt/build_wrt/build_dir/target-aarch64_cortex-a53_musl/linux-qualcommax_ipq60xx/linux-6.18.44/arch/arm64/boot/dts/qcom/include -I/mnt/build_wrt/build_dir/target-aarch64_cortex-a53_musl/linux-qualcommax_ipq60xx/linux-6.18.44/include/ -I/mnt/build_wrt/build_dir/target-aarch64_cortex-a53_musl/linux-qualcommax_ipq60xx/linux-6.18.44/scripts/dtc/include-prefixes -undef -D__DTS__  -o /mnt/build_wrt/build_dir/target-aarch64_cortex-a53_musl/linux-qualcommax_ipq60xx/image-ipq6000-nn6000-v1.dtb.tmp ../dts/ipq6000-nn6000-v1.dts
/mnt/build_wrt/build_dir/target-aarch64_cortex-a53_musl/linux-qualcommax_ipq60xx/linux-6.18.44/scripts/dtc/dtc -O dtb -i../dts/ -Wno-interrupt_provider -Wno-unique_unit_address -Wno-unit_address_vs_reg -Wno-avoid_unnecessary_addr_size -Wno-alias_paths -Wno-graph_child_address -Wno-simple_bus_reg    -o /mnt/build_wrt/build_dir/target-aarch64_cortex-a53_musl/linux-qualcommax_ipq60xx/image-ipq6000-nn6000-v1.dtb /mnt/build_wrt/build_dir/target-aarch64_cortex-a53_musl/linux-qualcommax_ipq60xx/image-ipq6000-nn6000-v1.dtb.tmp
rm -f /mnt/build_wrt/build_dir/target-aarch64_cortex-a53_musl/linux-qualcommax_ipq60xx/image-ipq6000-nn6000-v1.dtb.tmp
aarch64-openwrt-linux-musl-cpp -nostdinc -x assembler-with-cpp  -I/mnt/build_wrt/build_dir/target-aarch64_cortex-a53_musl/linux-qualcommax_ipq60xx/linux-6.18.44/arch/arm64/boot/dts/qcom -I/mnt/build_wrt/build_dir/target-aarch64_cortex-a53_musl/linux-qualcommax_ipq60xx/linux-6.18.44/arch/arm64/boot/dts/qcom/include -I/mnt/build_wrt/build_dir/target-aarch64_cortex-a53_musl/linux-qualcommax_ipq60xx/linux-6.18.44/include/ -I/mnt/build_wrt/build_dir/target-aarch64_cortex-a53_musl/linux-qualcommax_ipq60xx/linux-6.18.44/scripts/dtc/include-prefixes -undef -D__DTS__  -o /mnt/build_wrt/build_dir/target-aarch64_cortex-a53_musl/linux-qualcommax_ipq60xx/image-ipq6000-nn6000-v2.dtb.tmp ../dts/ipq6000-nn6000-v2.dts
/mnt/build_wrt/build_dir/target-aarch64_cortex-a53_musl/linux-qualcommax_ipq60xx/linux-6.18.44/scripts/dtc/dtc -O dtb -i../dts/ -Wno-interrupt_provider -Wno-unique_unit_address -Wno-unit_address_vs_reg -Wno-avoid_unnecessary_addr_size -Wno-alias_paths -Wno-graph_child_address -Wno-simple_bus_reg    -o /mnt/build_wrt/build_dir/target-aarch64_cortex-a53_musl/linux-qualcommax_ipq60xx/image-ipq6000-nn6000-v2.dtb /mnt/build_wrt/build_dir/target-aarch64_cortex-a53_musl/linux-qualcommax_ipq60xx/image-ipq6000-nn6000-v2.dtb.tmp
rm -f /mnt/build_wrt/build_dir/target-aarch64_cortex-a53_musl/linux-qualcommax_ipq60xx/image-ipq6000-nn6000-v2.dtb.tmp
aarch64-openwrt-linux-musl-cpp -nostdinc -x assembler-with-cpp  -I/mnt/build_wrt/build_dir/target-aarch64_cortex-a53_musl/linux-qualcommax_ipq60xx/linux-6.18.44/arch/arm64/boot/dts/qcom -I/mnt/build_wrt/build_dir/target-aarch64_cortex-a53_musl/linux-qualcommax_ipq60xx/linux-6.18.44/arch/arm64/boot/dts/qcom/include -I/mnt/build_wrt/build_dir/target-aarch64_cortex-a53_musl/linux-qualcommax_ipq60xx/linux-6.18.44/include/ -I/mnt/build_wrt/build_dir/target-aarch64_cortex-a53_musl/linux-qualcommax_ipq60xx/linux-6.18.44/scripts/dtc/include-prefixes -undef -D__DTS__  -o /mnt/build_wrt/build_dir/target-aarch64_cortex-a53_musl/linux-qualcommax_ipq60xx/image-ipq6000-mr7350.dtb.tmp ../dts/ipq6000-mr7350.dts
/mnt/build_wrt/build_dir/target-aarch64_cortex-a53_musl/linux-qualcommax_ipq60xx/linux-6.18.44/scripts/dtc/dtc -O dtb -i../dts/ -Wno-interrupt_provider -Wno-unique_unit_address -Wno-unit_address_vs_reg -Wno-avoid_unnecessary_addr_size -Wno-alias_paths -Wno-graph_child_address -Wno-simple_bus_reg    -o /mnt/build_wrt/build_dir/target-aarch64_cortex-a53_musl/linux-qualcommax_ipq60xx/image-ipq6000-mr7350.dtb /mnt/build_wrt/build_dir/target-aarch64_cortex-a53_musl/linux-qualcommax_ipq60xx/image-ipq6000-mr7350.dtb.tmp
rm -f /mnt/build_wrt/build_dir/target-aarch64_cortex-a53_musl/linux-qualcommax_ipq60xx/image-ipq6000-mr7350.dtb.tmp
aarch64-openwrt-linux-musl-cpp -nostdinc -x assembler-with-cpp  -I/mnt/build_wrt/build_dir/target-aarch64_cortex-a53_musl/linux-qualcommax_ipq60xx/linux-6.18.44/arch/arm64/boot/dts/qcom -I/mnt/build_wrt/build_dir/target-aarch64_cortex-a53_musl/linux-qualcommax_ipq60xx/linux-6.18.44/arch/arm64/boot/dts/qcom/include -I/mnt/build_wrt/build_dir/target-aarch64_cortex-a53_musl/linux-qualcommax_ipq60xx/linux-6.18.44/include/ -I/mnt/build_wrt/build_dir/target-aarch64_cortex-a53_musl/linux-qualcommax_ipq60xx/linux-6.18.44/scripts/dtc/include-prefixes -undef -D__DTS__  -o /mnt/build_wrt/build_dir/target-aarch64_cortex-a53_musl/linux-qualcommax_ipq60xx/image-ipq6018-mr7500.dtb.tmp ../dts/ipq6018-mr7500.dts
/mnt/build_wrt/build_dir/target-aarch64_cortex-a53_musl/linux-qualcommax_ipq60xx/linux-6.18.44/scripts/dtc/dtc -O dtb -i../dts/ -Wno-interrupt_provider -Wno-unique_unit_address -Wno-unit_address_vs_reg -Wno-avoid_unnecessary_addr_size -Wno-alias_paths -Wno-graph_child_address -Wno-simple_bus_reg    -o /mnt/build_wrt/build_dir/target-aarch64_cortex-a53_musl/linux-qualcommax_ipq60xx/image-ipq6018-mr7500.dtb /mnt/build_wrt/build_dir/target-aarch64_cortex-a53_musl/linux-qualcommax_ipq60xx/image-ipq6018-mr7500.dtb.tmp
rm -f /mnt/build_wrt/build_dir/target-aarch64_cortex-a53_musl/linux-qualcommax_ipq60xx/image-ipq6018-mr7500.dtb.tmp
aarch64-openwrt-linux-musl-cpp -nostdinc -x assembler-with-cpp  -I/mnt/build_wrt/build_dir/target-aarch64_cortex-a53_musl/linux-qualcommax_ipq60xx/linux-6.18.44/arch/arm64/boot/dts/qcom -I/mnt/build_wrt/build_dir/target-aarch64_cortex-a53_musl/linux-qualcommax_ipq60xx/linux-6.18.44/arch/arm64/boot/dts/qcom/include -I/mnt/build_wrt/build_dir/target-aarch64_cortex-a53_musl/linux-qualcommax_ipq60xx/linux-6.18.44/include/ -I/mnt/build_wrt/build_dir/target-aarch64_cortex-a53_musl/linux-qualcommax_ipq60xx/linux-6.18.44/scripts/dtc/include-prefixes -undef -D__DTS__  -o /mnt/build_wrt/build_dir/target-aarch64_cortex-a53_musl/linux-qualcommax_ipq60xx/image-ipq6018-rbr350.dtb.tmp ../dts/ipq6018-rbr350.dts
/mnt/build_wrt/build_dir/target-aarch64_cortex-a53_musl/linux-qualcommax_ipq60xx/linux-6.18.44/scripts/dtc/dtc -O dtb -i../dts/ -Wno-interrupt_provider -Wno-unique_unit_address -Wno-unit_address_vs_reg -Wno-avoid_unnecessary_addr_size -Wno-alias_paths -Wno-graph_child_address -Wno-simple_bus_reg    -o /mnt/build_wrt/build_dir/target-aarch64_cortex-a53_musl/linux-qualcommax_ipq60xx/image-ipq6018-rbr350.dtb /mnt/build_wrt/build_dir/target-aarch64_cortex-a53_musl/linux-qualcommax_ipq60xx/image-ipq6018-rbr350.dtb.tmp
rm -f /mnt/build_wrt/build_dir/target-aarch64_cortex-a53_musl/linux-qualcommax_ipq60xx/image-ipq6018-rbr350.dtb.tmp
aarch64-openwrt-linux-musl-cpp -nostdinc -x assembler-with-cpp  -I/mnt/build_wrt/build_dir/target-aarch64_cortex-a53_musl/linux-qualcommax_ipq60xx/linux-6.18.44/arch/arm64/boot/dts/qcom -I/mnt/build_wrt/build_dir/target-aarch64_cortex-a53_musl/linux-qualcommax_ipq60xx/linux-6.18.44/arch/arm64/boot/dts/qcom/include -I/mnt/build_wrt/build_dir/target-aarch64_cortex-a53_musl/linux-qualcommax_ipq60xx/linux-6.18.44/include/ -I/mnt/build_wrt/build_dir/target-aarch64_cortex-a53_musl/linux-qualcommax_ipq60xx/linux-6.18.44/scripts/dtc/include-prefixes -undef -D__DTS__  -o /mnt/build_wrt/build_dir/target-aarch64_cortex-a53_musl/linux-qualcommax_ipq60xx/image-ipq6018-rbs350.dtb.tmp ../dts/ipq6018-rbs350.dts
/mnt/build_wrt/build_dir/target-aarch64_cortex-a53_musl/linux-qualcommax_ipq60xx/linux-6.18.44/scripts/dtc/dtc -O dtb -i../dts/ -Wno-interrupt_provider -Wno-unique_unit_address -Wno-unit_address_vs_reg -Wno-avoid_unnecessary_addr_size -Wno-alias_paths -Wno-graph_child_address -Wno-simple_bus_reg    -o /mnt/build_wrt/build_dir/target-aarch64_cortex-a53_musl/linux-qualcommax_ipq60xx/image-ipq6018-rbs350.dtb /mnt/build_wrt/build_dir/target-aarch64_cortex-a53_musl/linux-qualcommax_ipq60xx/image-ipq6018-rbs350.dtb.tmp
rm -f /mnt/build_wrt/build_dir/target-aarch64_cortex-a53_musl/linux-qualcommax_ipq60xx/image-ipq6018-rbs350.dtb.tmp
aarch64-openwrt-linux-musl-cpp -nostdinc -x assembler-with-cpp  -I/mnt/build_wrt/build_dir/target-aarch64_cortex-a53_musl/linux-qualcommax_ipq60xx/linux-6.18.44/arch/arm64/boot/dts/qcom -I/mnt/build_wrt/build_dir/target-aarch64_cortex-a53_musl/linux-qualcommax_ipq60xx/linux-6.18.44/arch/arm64/boot/dts/qcom/include -I/mnt/build_wrt/build_dir/target-aarch64_cortex-a53_musl/linux-qualcommax_ipq60xx/linux-6.18.44/include/ -I/mnt/build_wrt/build_dir/target-aarch64_cortex-a53_musl/linux-qualcommax_ipq60xx/linux-6.18.44/scripts/dtc/include-prefixes -undef -D__DTS__  -o /mnt/build_wrt/build_dir/target-aarch64_cortex-a53_musl/linux-qualcommax_ipq60xx/image-ipq6010-wax214.dtb.tmp ../dts/ipq6010-wax214.dts
/mnt/build_wrt/build_dir/target-aarch64_cortex-a53_musl/linux-qualcommax_ipq60xx/linux-6.18.44/scripts/dtc/dtc -O dtb -i../dts/ -Wno-interrupt_provider -Wno-unique_unit_address -Wno-unit_address_vs_reg -Wno-avoid_unnecessary_addr_size -Wno-alias_paths -Wno-graph_child_address -Wno-simple_bus_reg    -o /mnt/build_wrt/build_dir/target-aarch64_cortex-a53_musl/linux-qualcommax_ipq60xx/image-ipq6010-wax214.dtb /mnt/build_wrt/build_dir/target-aarch64_cortex-a53_musl/linux-qualcommax_ipq60xx/image-ipq6010-wax214.dtb.tmp
rm -f /mnt/build_wrt/build_dir/target-aarch64_cortex-a53_musl/linux-qualcommax_ipq60xx/image-ipq6010-wax214.dtb.tmp
aarch64-openwrt-linux-musl-cpp -nostdinc -x assembler-with-cpp  -I/mnt/build_wrt/build_dir/target-aarch64_cortex-a53_musl/linux-qualcommax_ipq60xx/linux-6.18.44/arch/arm64/boot/dts/qcom -I/mnt/build_wrt/build_dir/target-aarch64_cortex-a53_musl/linux-qualcommax_ipq60xx/linux-6.18.44/arch/arm64/boot/dts/qcom/include -I/mnt/build_wrt/build_dir/target-aarch64_cortex-a53_musl/linux-qualcommax_ipq60xx/linux-6.18.44/include/ -I/mnt/build_wrt/build_dir/target-aarch64_cortex-a53_musl/linux-qualcommax_ipq60xx/linux-6.18.44/scripts/dtc/include-prefixes -undef -D__DTS__  -o /mnt/build_wrt/build_dir/target-aarch64_cortex-a53_musl/linux-qualcommax_ipq60xx/image-ipq6010-wax610.dtb.tmp ../dts/ipq6010-wax610.dts
/mnt/build_wrt/build_dir/target-aarch64_cortex-a53_musl/linux-qualcommax_ipq60xx/linux-6.18.44/scripts/dtc/dtc -O dtb -i../dts/ -Wno-interrupt_provider -Wno-unique_unit_address -Wno-unit_address_vs_reg -Wno-avoid_unnecessary_addr_size -Wno-alias_paths -Wno-graph_child_address -Wno-simple_bus_reg    -o /mnt/build_wrt/build_dir/target-aarch64_cortex-a53_musl/linux-qualcommax_ipq60xx/image-ipq6010-wax610.dtb /mnt/build_wrt/build_dir/target-aarch64_cortex-a53_musl/linux-qualcommax_ipq60xx/image-ipq6010-wax610.dtb.tmp
rm -f /mnt/build_wrt/build_dir/target-aarch64_cortex-a53_musl/linux-qualcommax_ipq60xx/image-ipq6010-wax610.dtb.tmp
aarch64-openwrt-linux-musl-cpp -nostdinc -x assembler-with-cpp  -I/mnt/build_wrt/build_dir/target-aarch64_cortex-a53_musl/linux-qualcommax_ipq60xx/linux-6.18.44/arch/arm64/boot/dts/qcom -I/mnt/build_wrt/build_dir/target-aarch64_cortex-a53_musl/linux-qualcommax_ipq60xx/linux-6.18.44/arch/arm64/boot/dts/qcom/include -I/mnt/build_wrt/build_dir/target-aarch64_cortex-a53_musl/linux-qualcommax_ipq60xx/linux-6.18.44/include/ -I/mnt/build_wrt/build_dir/target-aarch64_cortex-a53_musl/linux-qualcommax_ipq60xx/linux-6.18.44/scripts/dtc/include-prefixes -undef -D__DTS__  -o /mnt/build_wrt/build_dir/target-aarch64_cortex-a53_musl/linux-qualcommax_ipq60xx/image-ipq6010-wax610y.dtb.tmp ../dts/ipq6010-wax610y.dts
/mnt/build_wrt/build_dir/target-aarch64_cortex-a53_musl/linux-qualcommax_ipq60xx/linux-6.18.44/scripts/dtc/dtc -O dtb -i../dts/ -Wno-interrupt_provider -Wno-unique_unit_address -Wno-unit_address_vs_reg -Wno-avoid_unnecessary_addr_size -Wno-alias_paths -Wno-graph_child_address -Wno-simple_bus_reg    -o /mnt/build_wrt/build_dir/target-aarch64_cortex-a53_musl/linux-qualcommax_ipq60xx/image-ipq6010-wax610y.dtb /mnt/build_wrt/build_dir/target-aarch64_cortex-a53_musl/linux-qualcommax_ipq60xx/image-ipq6010-wax610y.dtb.tmp
rm -f /mnt/build_wrt/build_dir/target-aarch64_cortex-a53_musl/linux-qualcommax_ipq60xx/image-ipq6010-wax610y.dtb.tmp
aarch64-openwrt-linux-musl-cpp -nostdinc -x assembler-with-cpp  -I/mnt/build_wrt/build_dir/target-aarch64_cortex-a53_musl/linux-qualcommax_ipq60xx/linux-6.18.44/arch/arm64/boot/dts/qcom -I/mnt/build_wrt/build_dir/target-aarch64_cortex-a53_musl/linux-qualcommax_ipq60xx/linux-6.18.44/arch/arm64/boot/dts/qcom/include -I/mnt/build_wrt/build_dir/target-aarch64_cortex-a53_musl/linux-qualcommax_ipq60xx/linux-6.18.44/include/ -I/mnt/build_wrt/build_dir/target-aarch64_cortex-a53_musl/linux-qualcommax_ipq60xx/linux-6.18.44/scripts/dtc/include-prefixes -undef -D__DTS__  -o /mnt/build_wrt/build_dir/target-aarch64_cortex-a53_musl/linux-qualcommax_ipq60xx/image-ipq6000-360v6.dtb.tmp ../dts/ipq6000-360v6.dts
/mnt/build_wrt/build_dir/target-aarch64_cortex-a53_musl/linux-qualcommax_ipq60xx/linux-6.18.44/scripts/dtc/dtc -O dtb -i../dts/ -Wno-interrupt_provider -Wno-unique_unit_address -Wno-unit_address_vs_reg -Wno-avoid_unnecessary_addr_size -Wno-alias_paths -Wno-graph_child_address -Wno-simple_bus_reg    -o /mnt/build_wrt/build_dir/target-aarch64_cortex-a53_musl/linux-qualcommax_ipq60xx/image-ipq6000-360v6.dtb /mnt/build_wrt/build_dir/target-aarch64_cortex-a53_musl/linux-qualcommax_ipq60xx/image-ipq6000-360v6.dtb.tmp
rm -f /mnt/build_wrt/build_dir/target-aarch64_cortex-a53_musl/linux-qualcommax_ipq60xx/image-ipq6000-360v6.dtb.tmp
aarch64-openwrt-linux-musl-cpp -nostdinc -x assembler-with-cpp  -I/mnt/build_wrt/build_dir/target-aarch64_cortex-a53_musl/linux-qualcommax_ipq60xx/linux-6.18.44/arch/arm64/boot/dts/qcom -I/mnt/build_wrt/build_dir/target-aarch64_cortex-a53_musl/linux-qualcommax_ipq60xx/linux-6.18.44/arch/arm64/boot/dts/qcom/include -I/mnt/build_wrt/build_dir/target-aarch64_cortex-a53_musl/linux-qualcommax_ipq60xx/linux-6.18.44/include/ -I/mnt/build_wrt/build_dir/target-aarch64_cortex-a53_musl/linux-qualcommax_ipq60xx/linux-6.18.44/scripts/dtc/include-prefixes -undef -D__DTS__  -o /mnt/build_wrt/build_dir/target-aarch64_cortex-a53_musl/linux-qualcommax_ipq60xx/image-ipq6018-eap610-outdoor.dtb.tmp ../dts/ipq6018-eap610-outdoor.dts
/mnt/build_wrt/build_dir/target-aarch64_cortex-a53_musl/linux-qualcommax_ipq60xx/linux-6.18.44/scripts/dtc/dtc -O dtb -i../dts/ -Wno-interrupt_provider -Wno-unique_unit_address -Wno-unit_address_vs_reg -Wno-avoid_unnecessary_addr_size -Wno-alias_paths -Wno-graph_child_address -Wno-simple_bus_reg    -o /mnt/build_wrt/build_dir/target-aarch64_cortex-a53_musl/linux-qualcommax_ipq60xx/image-ipq6018-eap610-outdoor.dtb /mnt/build_wrt/build_dir/target-aarch64_cortex-a53_musl/linux-qualcommax_ipq60xx/image-ipq6018-eap610-outdoor.dtb.tmp
rm -f /mnt/build_wrt/build_dir/target-aarch64_cortex-a53_musl/linux-qualcommax_ipq60xx/image-ipq6018-eap610-outdoor.dtb.tmp
aarch64-openwrt-linux-musl-cpp -nostdinc -x assembler-with-cpp  -I/mnt/build_wrt/build_dir/target-aarch64_cortex-a53_musl/linux-qualcommax_ipq60xx/linux-6.18.44/arch/arm64/boot/dts/qcom -I/mnt/build_wrt/build_dir/target-aarch64_cortex-a53_musl/linux-qualcommax_ipq60xx/linux-6.18.44/arch/arm64/boot/dts/qcom/include -I/mnt/build_wrt/build_dir/target-aarch64_cortex-a53_musl/linux-qualcommax_ipq60xx/linux-6.18.44/include/ -I/mnt/build_wrt/build_dir/target-aarch64_cortex-a53_musl/linux-qualcommax_ipq60xx/linux-6.18.44/scripts/dtc/include-prefixes -undef -D__DTS__  -o /mnt/build_wrt/build_dir/target-aarch64_cortex-a53_musl/linux-qualcommax_ipq60xx/image-ipq6018-eap623-outdoor-hd-v1.dtb.tmp ../dts/ipq6018-eap623-outdoor-hd-v1.dts
/mnt/build_wrt/build_dir/target-aarch64_cortex-a53_musl/linux-qualcommax_ipq60xx/linux-6.18.44/scripts/dtc/dtc -O dtb -i../dts/ -Wno-interrupt_provider -Wno-unique_unit_address -Wno-unit_address_vs_reg -Wno-avoid_unnecessary_addr_size -Wno-alias_paths -Wno-graph_child_address -Wno-simple_bus_reg    -o /mnt/build_wrt/build_dir/target-aarch64_cortex-a53_musl/linux-qualcommax_ipq60xx/image-ipq6018-eap623-outdoor-hd-v1.dtb /mnt/build_wrt/build_dir/target-aarch64_cortex-a53_musl/linux-qualcommax_ipq60xx/image-ipq6018-eap623-outdoor-hd-v1.dtb.tmp
rm -f /mnt/build_wrt/build_dir/target-aarch64_cortex-a53_musl/linux-qualcommax_ipq60xx/image-ipq6018-eap623-outdoor-hd-v1.dtb.tmp
aarch64-openwrt-linux-musl-cpp -nostdinc -x assembler-with-cpp  -I/mnt/build_wrt/build_dir/target-aarch64_cortex-a53_musl/linux-qualcommax_ipq60xx/linux-6.18.44/arch/arm64/boot/dts/qcom -I/mnt/build_wrt/build_dir/target-aarch64_cortex-a53_musl/linux-qualcommax_ipq60xx/linux-6.18.44/arch/arm64/boot/dts/qcom/include -I/mnt/build_wrt/build_dir/target-aarch64_cortex-a53_musl/linux-qualcommax_ipq60xx/linux-6.18.44/include/ -I/mnt/build_wrt/build_dir/target-aarch64_cortex-a53_musl/linux-qualcommax_ipq60xx/linux-6.18.44/scripts/dtc/include-prefixes -undef -D__DTS__  -o /mnt/build_wrt/build_dir/target-aarch64_cortex-a53_musl/linux-qualcommax_ipq60xx/image-ipq6018-eap625-outdoor-hd-v1.dtb.tmp ../dts/ipq6018-eap625-outdoor-hd-v1.dts
/mnt/build_wrt/build_dir/target-aarch64_cortex-a53_musl/linux-qualcommax_ipq60xx/linux-6.18.44/scripts/dtc/dtc -O dtb -i../dts/ -Wno-interrupt_provider -Wno-unique_unit_address -Wno-unit_address_vs_reg -Wno-avoid_unnecessary_addr_size -Wno-alias_paths -Wno-graph_child_address -Wno-simple_bus_reg    -o /mnt/build_wrt/build_dir/target-aarch64_cortex-a53_musl/linux-qualcommax_ipq60xx/image-ipq6018-eap625-outdoor-hd-v1.dtb /mnt/build_wrt/build_dir/target-aarch64_cortex-a53_musl/linux-qualcommax_ipq60xx/image-ipq6018-eap625-outdoor-hd-v1.dtb.tmp
rm -f /mnt/build_wrt/build_dir/target-aarch64_cortex-a53_musl/linux-qualcommax_ipq60xx/image-ipq6018-eap625-outdoor-hd-v1.dtb.tmp
aarch64-openwrt-linux-musl-cpp -nostdinc -x assembler-with-cpp  -I/mnt/build_wrt/build_dir/target-aarch64_cortex-a53_musl/linux-qualcommax_ipq60xx/linux-6.18.44/arch/arm64/boot/dts/qcom -I/mnt/build_wrt/build_dir/target-aarch64_cortex-a53_musl/linux-qualcommax_ipq60xx/linux-6.18.44/arch/arm64/boot/dts/qcom/include -I/mnt/build_wrt/build_dir/target-aarch64_cortex-a53_musl/linux-qualcommax_ipq60xx/linux-6.18.44/include/ -I/mnt/build_wrt/build_dir/target-aarch64_cortex-a53_musl/linux-qualcommax_ipq60xx/linux-6.18.44/scripts/dtc/include-prefixes -undef -D__DTS__  -o /mnt/build_wrt/build_dir/target-aarch64_cortex-a53_musl/linux-qualcommax_ipq60xx/image-ipq6018-eap620-hd-v2.dtb.tmp ../dts/ipq6018-eap620-hd-v2.dts
/mnt/build_wrt/build_dir/target-aarch64_cortex-a53_musl/linux-qualcommax_ipq60xx/linux-6.18.44/scripts/dtc/dtc -O dtb -i../dts/ -Wno-interrupt_provider -Wno-unique_unit_address -Wno-unit_address_vs_reg -Wno-avoid_unnecessary_addr_size -Wno-alias_paths -Wno-graph_child_address -Wno-simple_bus_reg    -o /mnt/build_wrt/build_dir/target-aarch64_cortex-a53_musl/linux-qualcommax_ipq60xx/image-ipq6018-eap620-hd-v2.dtb /mnt/build_wrt/build_dir/target-aarch64_cortex-a53_musl/linux-qualcommax_ipq60xx/image-ipq6018-eap620-hd-v2.dtb.tmp
rm -f /mnt/build_wrt/build_dir/target-aarch64_cortex-a53_musl/linux-qualcommax_ipq60xx/image-ipq6018-eap620-hd-v2.dtb.tmp
aarch64-openwrt-linux-musl-cpp -nostdinc -x assembler-with-cpp  -I/mnt/build_wrt/build_dir/target-aarch64_cortex-a53_musl/linux-qualcommax_ipq60xx/linux-6.18.44/arch/arm64/boot/dts/qcom -I/mnt/build_wrt/build_dir/target-aarch64_cortex-a53_musl/linux-qualcommax_ipq60xx/linux-6.18.44/arch/arm64/boot/dts/qcom/include -I/mnt/build_wrt/build_dir/target-aarch64_cortex-a53_musl/linux-qualcommax_ipq60xx/linux-6.18.44/include/ -I/mnt/build_wrt/build_dir/target-aarch64_cortex-a53_musl/linux-qualcommax_ipq60xx/linux-6.18.44/scripts/dtc/include-prefixes -undef -D__DTS__  -o /mnt/build_wrt/build_dir/target-aarch64_cortex-a53_musl/linux-qualcommax_ipq60xx/image-ipq6018-eap620-hd-v3.dtb.tmp ../dts/ipq6018-eap620-hd-v3.dts
/mnt/build_wrt/build_dir/target-aarch64_cortex-a53_musl/linux-qualcommax_ipq60xx/linux-6.18.44/scripts/dtc/dtc -O dtb -i../dts/ -Wno-interrupt_provider -Wno-unique_unit_address -Wno-unit_address_vs_reg -Wno-avoid_unnecessary_addr_size -Wno-alias_paths -Wno-graph_child_address -Wno-simple_bus_reg    -o /mnt/build_wrt/build_dir/target-aarch64_cortex-a53_musl/linux-qualcommax_ipq60xx/image-ipq6018-eap620-hd-v3.dtb /mnt/build_wrt/build_dir/target-aarch64_cortex-a53_musl/linux-qualcommax_ipq60xx/image-ipq6018-eap620-hd-v3.dtb.tmp
rm -f /mnt/build_wrt/build_dir/target-aarch64_cortex-a53_musl/linux-qualcommax_ipq60xx/image-ipq6018-eap620-hd-v3.dtb.tmp
aarch64-openwrt-linux-musl-cpp -nostdinc -x assembler-with-cpp  -I/mnt/build_wrt/build_dir/target-aarch64_cortex-a53_musl/linux-qualcommax_ipq60xx/linux-6.18.44/arch/arm64/boot/dts/qcom -I/mnt/build_wrt/build_dir/target-aarch64_cortex-a53_musl/linux-qualcommax_ipq60xx/linux-6.18.44/arch/arm64/boot/dts/qcom/include -I/mnt/build_wrt/build_dir/target-aarch64_cortex-a53_musl/linux-qualcommax_ipq60xx/linux-6.18.44/include/ -I/mnt/build_wrt/build_dir/target-aarch64_cortex-a53_musl/linux-qualcommax_ipq60xx/linux-6.18.44/scripts/dtc/include-prefixes -undef -D__DTS__  -o /mnt/build_wrt/build_dir/target-aarch64_cortex-a53_musl/linux-qualcommax_ipq60xx/image-ipq6018-fap650.dtb.tmp ../dts/ipq6018-fap650.dts
/mnt/build_wrt/build_dir/target-aarch64_cortex-a53_musl/linux-qualcommax_ipq60xx/linux-6.18.44/scripts/dtc/dtc -O dtb -i../dts/ -Wno-interrupt_provider -Wno-unique_unit_address -Wno-unit_address_vs_reg -Wno-avoid_unnecessary_addr_size -Wno-alias_paths -Wno-graph_child_address -Wno-simple_bus_reg    -o /mnt/build_wrt/build_dir/target-aarch64_cortex-a53_musl/linux-qualcommax_ipq60xx/image-ipq6018-fap650.dtb /mnt/build_wrt/build_dir/target-aarch64_cortex-a53_musl/linux-qualcommax_ipq60xx/image-ipq6018-fap650.dtb.tmp
rm -f /mnt/build_wrt/build_dir/target-aarch64_cortex-a53_musl/linux-qualcommax_ipq60xx/image-ipq6018-fap650.dtb.tmp
aarch64-openwrt-linux-musl-cpp -nostdinc -x assembler-with-cpp  -I/mnt/build_wrt/build_dir/target-aarch64_cortex-a53_musl/linux-qualcommax_ipq60xx/linux-6.18.44/arch/arm64/boot/dts/qcom -I/mnt/build_wrt/build_dir/target-aarch64_cortex-a53_musl/linux-qualcommax_ipq60xx/linux-6.18.44/arch/arm64/boot/dts/qcom/include -I/mnt/build_wrt/build_dir/target-aarch64_cortex-a53_musl/linux-qualcommax_ipq60xx/linux-6.18.44/include/ -I/mnt/build_wrt/build_dir/target-aarch64_cortex-a53_musl/linux-qualcommax_ipq60xx/linux-6.18.44/scripts/dtc/include-prefixes -undef -D__DTS__  -o /mnt/build_wrt/build_dir/target-aarch64_cortex-a53_musl/linux-qualcommax_ipq60xx/image-ipq6010-e1.dtb.tmp ../dts/ipq6010-e1.dts
/mnt/build_wrt/build_dir/target-aarch64_cortex-a53_musl/linux-qualcommax_ipq60xx/linux-6.18.44/scripts/dtc/dtc -O dtb -i../dts/ -Wno-interrupt_provider -Wno-unique_unit_address -Wno-unit_address_vs_reg -Wno-avoid_unnecessary_addr_size -Wno-alias_paths -Wno-graph_child_address -Wno-simple_bus_reg    -o /mnt/build_wrt/build_dir/target-aarch64_cortex-a53_musl/linux-qualcommax_ipq60xx/image-ipq6010-e1.dtb /mnt/build_wrt/build_dir/target-aarch64_cortex-a53_musl/linux-qualcommax_ipq60xx/image-ipq6010-e1.dtb.tmp
rm -f /mnt/build_wrt/build_dir/target-aarch64_cortex-a53_musl/linux-qualcommax_ipq60xx/image-ipq6010-e1.dtb.tmp
aarch64-openwrt-linux-musl-cpp -nostdinc -x assembler-with-cpp  -I/mnt/build_wrt/build_dir/target-aarch64_cortex-a53_musl/linux-qualcommax_ipq60xx/linux-6.18.44/arch/arm64/boot/dts/qcom -I/mnt/build_wrt/build_dir/target-aarch64_cortex-a53_musl/linux-qualcommax_ipq60xx/linux-6.18.44/arch/arm64/boot/dts/qcom/include -I/mnt/build_wrt/build_dir/target-aarch64_cortex-a53_musl/linux-qualcommax_ipq60xx/linux-6.18.44/include/ -I/mnt/build_wrt/build_dir/target-aarch64_cortex-a53_musl/linux-qualcommax_ipq60xx/linux-6.18.44/scripts/dtc/include-prefixes -undef -D__DTS__  -o /mnt/build_wrt/build_dir/target-aarch64_cortex-a53_musl/linux-qualcommax_ipq60xx/image-ipq6000-ax18.dtb.tmp ../dts/ipq6000-ax18.dts
/mnt/build_wrt/build_dir/target-aarch64_cortex-a53_musl/linux-qualcommax_ipq60xx/linux-6.18.44/scripts/dtc/dtc -O dtb -i../dts/ -Wno-interrupt_provider -Wno-unique_unit_address -Wno-unit_address_vs_reg -Wno-avoid_unnecessary_addr_size -Wno-alias_paths -Wno-graph_child_address -Wno-simple_bus_reg    -o /mnt/build_wrt/build_dir/target-aarch64_cortex-a53_musl/linux-qualcommax_ipq60xx/image-ipq6000-ax18.dtb /mnt/build_wrt/build_dir/target-aarch64_cortex-a53_musl/linux-qualcommax_ipq60xx/image-ipq6000-ax18.dtb.tmp
rm -f /mnt/build_wrt/build_dir/target-aarch64_cortex-a53_musl/linux-qualcommax_ipq60xx/image-ipq6000-ax18.dtb.tmp
aarch64-openwrt-linux-musl-cpp -nostdinc -x assembler-with-cpp  -I/mnt/build_wrt/build_dir/target-aarch64_cortex-a53_musl/linux-qualcommax_ipq60xx/linux-6.18.44/arch/arm64/boot/dts/qcom -I/mnt/build_wrt/build_dir/target-aarch64_cortex-a53_musl/linux-qualcommax_ipq60xx/linux-6.18.44/arch/arm64/boot/dts/qcom/include -I/mnt/build_wrt/build_dir/target-aarch64_cortex-a53_musl/linux-qualcommax_ipq60xx/linux-6.18.44/include/ -I/mnt/build_wrt/build_dir/target-aarch64_cortex-a53_musl/linux-qualcommax_ipq60xx/linux-6.18.44/scripts/dtc/include-prefixes -undef -D__DTS__  -o /mnt/build_wrt/build_dir/target-aarch64_cortex-a53_musl/linux-qualcommax_ipq60xx/image-ipq6000-ap3000-2c.dtb.tmp ../dts/ipq6000-ap3000-2c.dts
/mnt/build_wrt/build_dir/target-aarch64_cortex-a53_musl/linux-qualcommax_ipq60xx/linux-6.18.44/scripts/dtc/dtc -O dtb -i../dts/ -Wno-interrupt_provider -Wno-unique_unit_address -Wno-unit_address_vs_reg -Wno-avoid_unnecessary_addr_size -Wno-alias_paths -Wno-graph_child_address -Wno-simple_bus_reg    -o /mnt/build_wrt/build_dir/target-aarch64_cortex-a53_musl/linux-qualcommax_ipq60xx/image-ipq6000-ap3000-2c.dtb /mnt/build_wrt/build_dir/target-aarch64_cortex-a53_musl/linux-qualcommax_ipq60xx/image-ipq6000-ap3000-2c.dtb.tmp
rm -f /mnt/build_wrt/build_dir/target-aarch64_cortex-a53_musl/linux-qualcommax_ipq60xx/image-ipq6000-ap3000-2c.dtb.tmp
aarch64-openwrt-linux-musl-cpp -nostdinc -x assembler-with-cpp  -I/mnt/build_wrt/build_dir/target-aarch64_cortex-a53_musl/linux-qualcommax_ipq60xx/linux-6.18.44/arch/arm64/boot/dts/qcom -I/mnt/build_wrt/build_dir/target-aarch64_cortex-a53_musl/linux-qualcommax_ipq60xx/linux-6.18.44/arch/arm64/boot/dts/qcom/include -I/mnt/build_wrt/build_dir/target-aarch64_cortex-a53_musl/linux-qualcommax_ipq60xx/linux-6.18.44/include/ -I/mnt/build_wrt/build_dir/target-aarch64_cortex-a53_musl/linux-qualcommax_ipq60xx/linux-6.18.44/scripts/dtc/include-prefixes -undef -D__DTS__  -o /mnt/build_wrt/build_dir/target-aarch64_cortex-a53_musl/linux-qualcommax_ipq60xx/image-ipq6000-ax5.dtb.tmp ../dts/ipq6000-ax5.dts
/mnt/build_wrt/build_dir/target-aarch64_cortex-a53_musl/linux-qualcommax_ipq60xx/linux-6.18.44/scripts/dtc/dtc -O dtb -i../dts/ -Wno-interrupt_provider -Wno-unique_unit_address -Wno-unit_address_vs_reg -Wno-avoid_unnecessary_addr_size -Wno-alias_paths -Wno-graph_child_address -Wno-simple_bus_reg    -o /mnt/build_wrt/build_dir/target-aarch64_cortex-a53_musl/linux-qualcommax_ipq60xx/image-ipq6000-ax5.dtb /mnt/build_wrt/build_dir/target-aarch64_cortex-a53_musl/linux-qualcommax_ipq60xx/image-ipq6000-ax5.dtb.tmp
rm -f /mnt/build_wrt/build_dir/target-aarch64_cortex-a53_musl/linux-qualcommax_ipq60xx/image-ipq6000-ax5.dtb.tmp
aarch64-openwrt-linux-musl-cpp -nostdinc -x assembler-with-cpp  -I/mnt/build_wrt/build_dir/target-aarch64_cortex-a53_musl/linux-qualcommax_ipq60xx/linux-6.18.44/arch/arm64/boot/dts/qcom -I/mnt/build_wrt/build_dir/target-aarch64_cortex-a53_musl/linux-qualcommax_ipq60xx/linux-6.18.44/arch/arm64/boot/dts/qcom/include -I/mnt/build_wrt/build_dir/target-aarch64_cortex-a53_musl/linux-qualcommax_ipq60xx/linux-6.18.44/include/ -I/mnt/build_wrt/build_dir/target-aarch64_cortex-a53_musl/linux-qualcommax_ipq60xx/linux-6.18.44/scripts/dtc/include-prefixes -undef -D__DTS__  -o /mnt/build_wrt/build_dir/target-aarch64_cortex-a53_musl/linux-qualcommax_ipq60xx/image-ipq6000-ax1800.dtb.tmp ../dts/ipq6000-ax1800.dts
/mnt/build_wrt/build_dir/target-aarch64_cortex-a53_musl/linux-qualcommax_ipq60xx/linux-6.18.44/scripts/dtc/dtc -O dtb -i../dts/ -Wno-interrupt_provider -Wno-unique_unit_address -Wno-unit_address_vs_reg -Wno-avoid_unnecessary_addr_size -Wno-alias_paths -Wno-graph_child_address -Wno-simple_bus_reg    -o /mnt/build_wrt/build_dir/target-aarch64_cortex-a53_musl/linux-qualcommax_ipq60xx/image-ipq6000-ax1800.dtb /mnt/build_wrt/build_dir/target-aarch64_cortex-a53_musl/linux-qualcommax_ipq60xx/image-ipq6000-ax1800.dtb.tmp
rm -f /mnt/build_wrt/build_dir/target-aarch64_cortex-a53_musl/linux-qualcommax_ipq60xx/image-ipq6000-ax1800.dtb.tmp
aarch64-openwrt-linux-musl-cpp -nostdinc -x assembler-with-cpp  -I/mnt/build_wrt/build_dir/target-aarch64_cortex-a53_musl/linux-qualcommax_ipq60xx/linux-6.18.44/arch/arm64/boot/dts/qcom -I/mnt/build_wrt/build_dir/target-aarch64_cortex-a53_musl/linux-qualcommax_ipq60xx/linux-6.18.44/arch/arm64/boot/dts/qcom/include -I/mnt/build_wrt/build_dir/target-aarch64_cortex-a53_musl/linux-qualcommax_ipq60xx/linux-6.18.44/include/ -I/mnt/build_wrt/build_dir/target-aarch64_cortex-a53_musl/linux-qualcommax_ipq60xx/linux-6.18.44/scripts/dtc/include-prefixes -undef -D__DTS__  -o /mnt/build_wrt/build_dir/target-aarch64_cortex-a53_musl/linux-qualcommax_ipq60xx/image-ipq6000-m2.dtb.tmp ../dts/ipq6000-m2.dts
/mnt/build_wrt/build_dir/target-aarch64_cortex-a53_musl/linux-qualcommax_ipq60xx/linux-6.18.44/scripts/dtc/dtc -O dtb -i../dts/ -Wno-interrupt_provider -Wno-unique_unit_address -Wno-unit_address_vs_reg -Wno-avoid_unnecessary_addr_size -Wno-alias_paths -Wno-graph_child_address -Wno-simple_bus_reg    -o /mnt/build_wrt/build_dir/target-aarch64_cortex-a53_musl/linux-qualcommax_ipq60xx/image-ipq6000-m2.dtb /mnt/build_wrt/build_dir/target-aarch64_cortex-a53_musl/linux-qualcommax_ipq60xx/image-ipq6000-m2.dtb.tmp
rm -f /mnt/build_wrt/build_dir/target-aarch64_cortex-a53_musl/linux-qualcommax_ipq60xx/image-ipq6000-m2.dtb.tmp
aarch64-openwrt-linux-musl-cpp -nostdinc -x assembler-with-cpp  -I/mnt/build_wrt/build_dir/target-aarch64_cortex-a53_musl/linux-qualcommax_ipq60xx/linux-6.18.44/arch/arm64/boot/dts/qcom -I/mnt/build_wrt/build_dir/target-aarch64_cortex-a53_musl/linux-qualcommax_ipq60xx/linux-6.18.44/arch/arm64/boot/dts/qcom/include -I/mnt/build_wrt/build_dir/target-aarch64_cortex-a53_musl/linux-qualcommax_ipq60xx/linux-6.18.44/include/ -I/mnt/build_wrt/build_dir/target-aarch64_cortex-a53_musl/linux-qualcommax_ipq60xx/linux-6.18.44/scripts/dtc/include-prefixes -undef -D__DTS__  -o /mnt/build_wrt/build_dir/target-aarch64_cortex-a53_musl/linux-qualcommax_ipq60xx/image-ipq6010-ly1800.dtb.tmp ../dts/ipq6010-ly1800.dts
/mnt/build_wrt/build_dir/target-aarch64_cortex-a53_musl/linux-qualcommax_ipq60xx/linux-6.18.44/scripts/dtc/dtc -O dtb -i../dts/ -Wno-interrupt_provider -Wno-unique_unit_address -Wno-unit_address_vs_reg -Wno-avoid_unnecessary_addr_size -Wno-alias_paths -Wno-graph_child_address -Wno-simple_bus_reg    -o /mnt/build_wrt/build_dir/target-aarch64_cortex-a53_musl/linux-qualcommax_ipq60xx/image-ipq6010-ly1800.dtb /mnt/build_wrt/build_dir/target-aarch64_cortex-a53_musl/linux-qualcommax_ipq60xx/image-ipq6010-ly1800.dtb.tmp
rm -f /mnt/build_wrt/build_dir/target-aarch64_cortex-a53_musl/linux-qualcommax_ipq60xx/image-ipq6010-ly1800.dtb.tmp
aarch64-openwrt-linux-musl-cpp -nostdinc -x assembler-with-cpp  -I/mnt/build_wrt/build_dir/target-aarch64_cortex-a53_musl/linux-qualcommax_ipq60xx/linux-6.18.44/arch/arm64/boot/dts/qcom -I/mnt/build_wrt/build_dir/target-aarch64_cortex-a53_musl/linux-qualcommax_ipq60xx/linux-6.18.44/arch/arm64/boot/dts/qcom/include -I/mnt/build_wrt/build_dir/target-aarch64_cortex-a53_musl/linux-qualcommax_ipq60xx/linux-6.18.44/include/ -I/mnt/build_wrt/build_dir/target-aarch64_cortex-a53_musl/linux-qualcommax_ipq60xx/linux-6.18.44/scripts/dtc/include-prefixes -undef -D__DTS__  -o /mnt/build_wrt/build_dir/target-aarch64_cortex-a53_musl/linux-qualcommax_ipq60xx/image-ipq6000-ax5-jdcloud.dtb.tmp ../dts/ipq6000-ax5-jdcloud.dts
/mnt/build_wrt/build_dir/target-aarch64_cortex-a53_musl/linux-qualcommax_ipq60xx/linux-6.18.44/scripts/dtc/dtc -O dtb -i../dts/ -Wno-interrupt_provider -Wno-unique_unit_address -Wno-unit_address_vs_reg -Wno-avoid_unnecessary_addr_size -Wno-alias_paths -Wno-graph_child_address -Wno-simple_bus_reg    -o /mnt/build_wrt/build_dir/target-aarch64_cortex-a53_musl/linux-qualcommax_ipq60xx/image-ipq6000-ax5-jdcloud.dtb /mnt/build_wrt/build_dir/target-aarch64_cortex-a53_musl/linux-qualcommax_ipq60xx/image-ipq6000-ax5-jdcloud.dtb.tmp
rm -f /mnt/build_wrt/build_dir/target-aarch64_cortex-a53_musl/linux-qualcommax_ipq60xx/image-ipq6000-ax5-jdcloud.dtb.tmp
aarch64-openwrt-linux-musl-cpp -nostdinc -x assembler-with-cpp  -I/mnt/build_wrt/build_dir/target-aarch64_cortex-a53_musl/linux-qualcommax_ipq60xx/linux-6.18.44/arch/arm64/boot/dts/qcom -I/mnt/build_wrt/build_dir/target-aarch64_cortex-a53_musl/linux-qualcommax_ipq60xx/linux-6.18.44/arch/arm64/boot/dts/qcom/include -I/mnt/build_wrt/build_dir/target-aarch64_cortex-a53_musl/linux-qualcommax_ipq60xx/linux-6.18.44/include/ -I/mnt/build_wrt/build_dir/target-aarch64_cortex-a53_musl/linux-qualcommax_ipq60xx/linux-6.18.44/scripts/dtc/include-prefixes -undef -D__DTS__  -o /mnt/build_wrt/build_dir/target-aarch64_cortex-a53_musl/linux-qualcommax_ipq60xx/image-ipq6010-y6010.dtb.tmp ../dts/ipq6010-y6010.dts
/mnt/build_wrt/build_dir/target-aarch64_cortex-a53_musl/linux-qualcommax_ipq60xx/linux-6.18.44/scripts/dtc/dtc -O dtb -i../dts/ -Wno-interrupt_provider -Wno-unique_unit_address -Wno-unit_address_vs_reg -Wno-avoid_unnecessary_addr_size -Wno-alias_paths -Wno-graph_child_address -Wno-simple_bus_reg    -o /mnt/build_wrt/build_dir/target-aarch64_cortex-a53_musl/linux-qualcommax_ipq60xx/image-ipq6010-y6010.dtb /mnt/build_wrt/build_dir/target-aarch64_cortex-a53_musl/linux-qualcommax_ipq60xx/image-ipq6010-y6010.dtb.tmp
rm -f /mnt/build_wrt/build_dir/target-aarch64_cortex-a53_musl/linux-qualcommax_ipq60xx/image-ipq6010-y6010.dtb.tmp
mkdir -p /mnt/build_wrt/bin/targets/qualcommax/ipq60xx /mnt/build_wrt/build_dir/target-aarch64_cortex-a53_musl/linux-qualcommax_ipq60xx/tmp
rm -rf /mnt/build_wrt/build_dir/target-aarch64_cortex-a53_musl/json_info_files
/mnt/build_wrt/staging_dir/host/bin/mksquashfs4 /mnt/build_wrt/build_dir/target-aarch64_cortex-a53_musl/root-qualcommax /mnt/build_wrt/build_dir/target-aarch64_cortex-a53_musl/linux-qualcommax_ipq60xx/root.squashfs -nopad -noappend -root-owned -comp xz -Xpreset 9 -Xe -Xlc 0 -Xlp 2 -Xpb 2  -b 256k -p '/dev d 755 0 0' -p '/dev/console c 600 0 0 5 1' -no-xattrs -block-readers 4 -small-readers 4
Pseudo file "dev" exists in source filesystem "/mnt/build_wrt/build_dir/target-aarch64_cortex-a53_musl/root-qualcommax/dev".
Ignoring, exclude it (-e/-ef) to override.
Parallel mksquashfs: Using 4 processors
Creating 4.0 filesystem on /mnt/build_wrt/build_dir/target-aarch64_cortex-a53_musl/linux-qualcommax_ipq60xx/root.squashfs, block size 262144.
[|                                                             ]    0/5537   0%[===========================================|                  ] 4200/5828  72%[===================================================|          ] 4900/5828  84%[=============================================================-] 5828/5828 100%

Exportable Squashfs 4.0 filesystem, xz compressed, data block size 262144
	compressed data, compressed metadata, compressed fragments,
	no xattrs, compressed ids
	duplicates are removed
Filesystem size 167296.02 Kbytes (163.38 Mbytes)
	27.78% of uncompressed filesystem size (602312.91 Kbytes)
Inode table size 38412 bytes (37.51 Kbytes)
	23.82% of uncompressed inode table size (161259 bytes)
Directory table size 46762 bytes (45.67 Kbytes)
	44.92% of uncompressed directory table size (104110 bytes)
Number of duplicate files found 216
Number of inodes 4447
Number of files 3431
Number of fragments 196
Number of symbolic links 709
Number of device nodes 1
Number of fifo nodes 0
Number of socket nodes 0
Number of directories 306
Number of hard-links 0
Number of ids (unique uids + gids) 1
Number of uids 1
	root (0)
Number of gids 1
	root (0)
rm -f /mnt/build_wrt/build_dir/target-aarch64_cortex-a53_musl/linux-qualcommax_ipq60xx/jdcloud_re-cs-02-uImage.itb
cp /mnt/build_wrt/build_dir/target-aarch64_cortex-a53_musl/linux-qualcommax_ipq60xx/Image /mnt/build_wrt/build_dir/target-aarch64_cortex-a53_musl/linux-qualcommax_ipq60xx/jdcloud_re-cs-02-uImage.itb
/mnt/build_wrt/staging_dir/host/bin/libdeflate-gzip -f -12 -c /mnt/build_wrt/build_dir/target-aarch64_cortex-a53_musl/linux-qualcommax_ipq60xx/jdcloud_re-cs-02-uImage.itb  > /mnt/build_wrt/build_dir/target-aarch64_cortex-a53_musl/linux-qualcommax_ipq60xx/jdcloud_re-cs-02-uImage.itb.new
/mnt/build_wrt/scripts/mkits.sh -D jdcloud_re-cs-02 -o /mnt/build_wrt/build_dir/target-aarch64_cortex-a53_musl/linux-qualcommax_ipq60xx/jdcloud_re-cs-02-uImage.itb.its -k /mnt/build_wrt/build_dir/target-aarch64_cortex-a53_musl/linux-qualcommax_ipq60xx/jdcloud_re-cs-02-uImage.itb -C gzip   -d /mnt/build_wrt/build_dir/target-aarch64_cortex-a53_musl/linux-qualcommax_ipq60xx/image-ipq6010-re-cs-02.dtb   -a 0x41000000 -e 0x41000000     -c config@cp03-c3 -A arm64 -v 6.18.44
SHELL= flock /mnt/build_wrt/tmp/.gen-cpio.c4e4fd53.flock -c 'PATH=/mnt/build_wrt/build_dir/target-aarch64_cortex-a53_musl/linux-qualcommax_ipq60xx/linux-6.18.44/scripts/dtc:/mnt/build_wrt/staging_dir/toolchain-aarch64_cortex-a53_gcc-14.4.0_musl/bin:/mnt/build_wrt/staging_dir/toolchain-aarch64_cortex-a53_gcc-14.4.0_musl/bin:/mnt/build_wrt/staging_dir/toolchain-aarch64_cortex-a53_gcc-14.4.0_musl/bin:/mnt/build_wrt/staging_dir/toolchain-aarch64_cortex-a53_gcc-14.4.0_musl/bin:/mnt/build_wrt/staging_dir/host/bin:/mnt/build_wrt/staging_dir/toolchain-aarch64_cortex-a53_gcc-14.4.0_musl/bin:/mnt/build_wrt/staging_dir/host/bin:/mnt/build_wrt/staging_dir/host/bin:/snap/bin:/home/runner/.local/bin:/opt/pipx_bin:/home/runner/.cargo/bin:/home/runner/.config/composer/vendor/bin:/usr/local/.ghcup/bin:/home/runner/.dotnet/tools:/usr/local/sbin:/usr/local/bin:/usr/sbin:/usr/bin:/sbin:/bin:/usr/games:/usr/local/games:/snap/bin mkimage  -f /mnt/build_wrt/build_dir/target-aarch64_cortex-a53_musl/linux-qualcommax_ipq60xx/jdcloud_re-cs-02-uImage.itb.its /mnt/build_wrt/build_dir/target-aarch64_cortex-a53_musl/linux-qualcommax_ipq60xx/jdcloud_re-cs-02-uImage.itb.new'
/mnt/build_wrt/build_dir/target-aarch64_cortex-a53_musl/linux-qualcommax_ipq60xx/jdcloud_re-cs-02-uImage.itb.its:48.18-55.5: Warning (unit_address_vs_reg): /configurations/config@cp03-c3: node has a unit name, but no reg or ranges property
FIT description: ARM64 OpenWrt FIT (Flattened Image Tree)
Created:         Mon Sep  7 05:10:52 2026
 Image 0 (kernel-1)
  Description:  ARM64 OpenWrt Linux-6.18.44
  Created:      Mon Sep  7 05:10:52 2026
  Type:         Kernel Image
  Compression:  gzip compressed
  Data Size:    6338906 Bytes = 6190.34 KiB = 6.05 MiB
  Architecture: AArch64
  OS:           Linux
  Load Address: 0x41000000
  Entry Point:  0x41000000
  Hash algo:    crc32
  Hash value:   0fd1f3c7
  Hash algo:    sha1
  Hash value:   c01563d709a57cd11ef87bf252e92a8764e9ae67
 Image 1 (fdt-1)
  Description:  ARM64 OpenWrt jdcloud_re-cs-02 device tree blob
  Created:      Mon Sep  7 05:10:52 2026
  Type:         Flat Device Tree
  Compression:  uncompressed
  Data Size:    38283 Bytes = 37.39 KiB = 0.04 MiB
  Architecture: AArch64
  Hash algo:    crc32
  Hash value:   5c5854ce
  Hash algo:    sha1
  Hash value:   401cf25420f749da7870e636d6455c5c69fd3917
 Default Configuration: 'config@cp03-c3'
 Configuration 0 (config@cp03-c3)
  Description:  OpenWrt jdcloud_re-cs-02
  Kernel:       kernel-1
  FDT:          fdt-1
    WARNING: Image file /mnt/build_wrt/build_dir/target-aarch64_cortex-a53_musl/linux-qualcommax_ipq60xx/jdcloud_re-cs-02-uImage.itb is too big: 6378592 > 6291456
rm -rf /mnt/build_wrt/build_dir/target-aarch64_cortex-a53_musl/linux-qualcommax_ipq60xx/target-dir-c4e4fd53
cp -fpR /mnt/build_wrt/build_dir/target-aarch64_cortex-a53_musl/root.orig-qualcommax /mnt/build_wrt/build_dir/target-aarch64_cortex-a53_musl/linux-qualcommax_ipq60xx/target-dir-c4e4fd53
IPKG_INSTROOT=/mnt/build_wrt/build_dir/target-aarch64_cortex-a53_musl/linux-qualcommax_ipq60xx/target-dir-c4e4fd53 /mnt/build_wrt/staging_dir/host/bin/fakeroot /mnt/build_wrt/staging_dir/host/bin/apk --root /mnt/build_wrt/build_dir/target-aarch64_cortex-a53_musl/linux-qualcommax_ipq60xx/target-dir-c4e4fd53 --keys-dir /mnt/build_wrt --no-logfile --preserve-env --no-scripts --repositories-file /dev/null --repository file:///mnt/build_wrt/staging_dir/packages/qualcommax/packages.adb add ipq-wifi-jdcloud_re-cs-02 ath11k-firmware-qcn9074-ddwrt luci-app-athena-led luci-i18n-athena-led-zh-cn
(1/2) Installing ath11k-firmware-qcn9074-ddwrt (2026.08.21~0c817c46-r1)
(2/2) Installing ipq-wifi-jdcloud_re-cs-02 (2026.09.03~f2c37a6b-r1)
OK: 592.7 MiB in 543 packages
add alternative: /bin/base64 -> /usr/libexec/base64-coreutils
add alternative: /usr/bin/nohup -> /usr/libexec/nohup-coreutils
add alternative: /usr/bin/timeout -> /usr/libexec/timeout-coreutils
add alternative: /usr/bin/scp -> /usr/sbin/dropbear
add alternative: /usr/bin/ssh -> /usr/sbin/dropbear
add alternative: /usr/bin/flock -> /usr/bin/util-linux-flock
add alternative: /sbin/ip -> /usr/libexec/ip-full
add alternative: /usr/sbin/ip6tables -> xtables-nft-multi
add alternative: /usr/sbin/ip6tables-restore -> xtables-nft-multi
add alternative: /usr/sbin/ip6tables-save -> xtables-nft-multi
add alternative: /usr/sbin/ip6tables-nft -> xtables-nft-multi
add alternative: /usr/sbin/ip6tables-nft-restore -> xtables-nft-multi
add alternative: /usr/sbin/ip6tables-nft-save -> xtables-nft-multi
add alternative: /usr/sbin/ip6tables-restore-translate -> xtables-nft-multi
add alternative: /usr/sbin/ip6tables-translate -> xtables-nft-multi
add alternative: /usr/sbin/iptables -> xtables-nft-multi
add alternative: /usr/sbin/iptables-restore -> xtables-nft-multi
add alternative: /usr/sbin/iptables-save -> xtables-nft-multi
add alternative: /usr/sbin/iptables-nft -> xtables-nft-multi
add alternative: /usr/sbin/iptables-nft-restore -> xtables-nft-multi
add alternative: /usr/sbin/iptables-nft-save -> xtables-nft-multi
add alternative: /usr/sbin/iptables-restore-translate -> xtables-nft-multi
add alternative: /usr/sbin/iptables-translate -> xtables-nft-multi
add alternative: /sbin/logread -> /usr/libexec/logread-ubox
/mnt/build_wrt/build_dir/target-aarch64_cortex-a53_musl/linux-qualcommax_ipq60xx/target-dir-c4e4fd53/etc/init.d/gecoosac: line 3: /lib/functions.sh: No such file or directory
/mnt/build_wrt/build_dir/target-aarch64_cortex-a53_musl/linux-qualcommax_ipq60xx/target-dir-c4e4fd53/etc/init.d/gecoosac: line 4: /lib/functions/procd.sh: No such file or directory
/mnt/build_wrt/build_dir/target-aarch64_cortex-a53_musl/linux-qualcommax_ipq60xx/target-dir-c4e4fd53/etc/init.d/gecoosac: line 5: /usr/share/gecoosac/runtime.sh: No such file or directory
/mnt/build_wrt/build_dir/target-aarch64_cortex-a53_musl/linux-qualcommax_ipq60xx/target-dir-c4e4fd53/etc/init.d/homeproxy: line 25: uci: command not found
/mnt/build_wrt/build_dir/target-aarch64_cortex-a53_musl/linux-qualcommax_ipq60xx/target-dir-c4e4fd53/usr/share/openclash/uci.sh: line 2: /lib/functions.sh: No such file or directory
/mnt/build_wrt/build_dir/target-aarch64_cortex-a53_musl/linux-qualcommax_ipq60xx/target-dir-c4e4fd53/usr/share/openclash/uci.sh: line 2: /lib/functions.sh: No such file or directory
/mnt/build_wrt/build_dir/target-aarch64_cortex-a53_musl/linux-qualcommax_ipq60xx/target-dir-c4e4fd53/usr/share/openclash/openclash_curl.sh: line 2: /usr/share/openclash/log.sh: No such file or directory
/mnt/build_wrt/build_dir/target-aarch64_cortex-a53_musl/linux-qualcommax_ipq60xx/target-dir-c4e4fd53/usr/share/openclash/openclash_curl.sh: line 3: /usr/share/openclash/openclash_etag.sh: No such file or directory
/mnt/build_wrt/build_dir/target-aarch64_cortex-a53_musl/linux-qualcommax_ipq60xx/target-dir-c4e4fd53/usr/share/passwall/utils.sh: line 32: /lib/functions/network.sh: No such file or directory
/mnt/build_wrt/build_dir/target-aarch64_cortex-a53_musl/linux-qualcommax_ipq60xx/target-dir-c4e4fd53/etc/init.d/wolultra: line 3: /lib/functions.sh: No such file or directory
add alternative: /usr/bin/mihomo -> /usr/libexec/mihomo
add alternative: /usr/bin/ssh-keygen -> /usr/libexec/ssh-keygen-openssh
add alternative: /sbin/rmmod -> /sbin/kmodloader
add alternative: /sbin/insmod -> /sbin/kmodloader
add alternative: /sbin/lsmod -> /sbin/kmodloader
add alternative: /sbin/modinfo -> /sbin/kmodloader
add alternative: /sbin/modprobe -> /sbin/kmodloader
add alternative: /usr/bin/wget -> /bin/uclient-fetch
add alternative: /usr/bin/lsusb -> /usr/libexec/lsusb-usbutils
Enabling athena_led
Enabling autoreboot
Enabling avahi-daemon
Enabling boot
Enabling bootcount
Enabling cpufreq
Enabling cron
Enabling dbus
Enabling dnsmasq
Enabling dockerd
Enabling done
Enabling dropbear
Enabling etherwake
Enabling firewall
Enabling fstab
./etc/init.d/gecoosac: line 3: /lib/functions.sh: No such file or directory
./etc/init.d/gecoosac: line 4: /lib/functions/procd.sh: No such file or directory
./etc/init.d/gecoosac: line 5: /usr/share/gecoosac/runtime.sh: No such file or directory
Enabling gecoosac
Enabling gpio_switch
Enabling haproxy
./etc/init.d/homeproxy: line 25: uci: command not found
Enabling homeproxy
Enabling led
Enabling log
Enabling microsocks
Enabling miniupnpd
Enabling network
Enabling nikki
Enabling nss_freq
Enabling odhcpd
/mnt/build_wrt/build_dir/target-aarch64_cortex-a53_musl/linux-qualcommax_ipq60xx/target-dir-c4e4fd53/usr/share/openclash/uci.sh: line 2: /lib/functions.sh: No such file or directory
/mnt/build_wrt/build_dir/target-aarch64_cortex-a53_musl/linux-qualcommax_ipq60xx/target-dir-c4e4fd53/usr/share/openclash/uci.sh: line 2: /lib/functions.sh: No such file or directory
/mnt/build_wrt/build_dir/target-aarch64_cortex-a53_musl/linux-qualcommax_ipq60xx/target-dir-c4e4fd53/usr/share/openclash/openclash_curl.sh: line 2: /usr/share/openclash/log.sh: No such file or directory
/mnt/build_wrt/build_dir/target-aarch64_cortex-a53_musl/linux-qualcommax_ipq60xx/target-dir-c4e4fd53/usr/share/openclash/openclash_curl.sh: line 3: /usr/share/openclash/openclash_etag.sh: No such file or directory
Enabling openclash
Enabling openssl
Enabling packet_steering
/mnt/build_wrt/build_dir/target-aarch64_cortex-a53_musl/linux-qualcommax_ipq60xx/target-dir-c4e4fd53/usr/share/passwall/utils.sh: line 32: /lib/functions/network.sh: No such file or directory
Enabling passwall
Enabling passwall_server
Enabling qca-nss-drv
Enabling qca-nss-ecm
Enabling qca-nss-netlink
Enabling qca-nss-pbuf
Enabling radius
Enabling relayd
Enabling rpcd
Enabling samba4
Enabling set-irq-affinity
Enabling sing-box
Enabling skb_recycler
Enabling smp_affinity
Enabling sysctl
Enabling sysfixtime
Enabling sysntpd
Enabling system
Enabling ttyd
Enabling ubihealthd
Enabling ucitrack
Enabling uhttpd
Enabling umount
Enabling urandom_seed
Enabling urngd
Enabling usbmode
Enabling usbmuxd
./etc/init.d/wolultra: line 3: /lib/functions.sh: No such file or directory
Enabling wolultra
Enabling wpad
Enabling wsdd2
Enabling xray
rm -rf /mnt/build_wrt/build_dir/target-aarch64_cortex-a53_musl/linux-qualcommax_ipq60xx/target-dir-c4e4fd53/boot /mnt/build_wrt/build_dir/target-aarch64_cortex-a53_musl/linux-qualcommax_ipq60xx/target-dir-c4e4fd53/tmp/* /mnt/build_wrt/build_dir/target-aarch64_cortex-a53_musl/linux-qualcommax_ipq60xx/target-dir-c4e4fd53/lib/apk/db/*.post-install* /mnt/build_wrt/build_dir/target-aarch64_cortex-a53_musl/linux-qualcommax_ipq60xx/target-dir-c4e4fd53/usr/lib/opkg/info/*.postinst* /mnt/build_wrt/build_dir/target-aarch64_cortex-a53_musl/linux-qualcommax_ipq60xx/target-dir-c4e4fd53/usr/lib/opkg/lists/* /mnt/build_wrt/build_dir/target-aarch64_cortex-a53_musl/linux-qualcommax_ipq60xx/target-dir-c4e4fd53/var/lock/*.lock
find /mnt/build_wrt/build_dir/target-aarch64_cortex-a53_musl/linux-qualcommax_ipq60xx/target-dir-c4e4fd53/ -mindepth 1 -execdir touch -hcd "@1788757852" "{}" +
/mnt/build_wrt/staging_dir/host/bin/mksquashfs4 /mnt/build_wrt/build_dir/target-aarch64_cortex-a53_musl/linux-qualcommax_ipq60xx/target-dir-c4e4fd53 /mnt/build_wrt/build_dir/target-aarch64_cortex-a53_musl/linux-qualcommax_ipq60xx/root.squashfs+pkg=c4e4fd53 -nopad -noappend -root-owned -comp xz -Xpreset 9 -Xe -Xlc 0 -Xlp 2 -Xpb 2  -b 256k -p '/dev d 755 0 0' -p '/dev/console c 600 0 0 5 1' -no-xattrs -block-readers 4 -small-readers 4
Pseudo file "dev" exists in source filesystem "/mnt/build_wrt/build_dir/target-aarch64_cortex-a53_musl/linux-qualcommax_ipq60xx/target-dir-c4e4fd53/dev".
Ignoring, exclude it (-e/-ef) to override.
Parallel mksquashfs: Using 4 processors
Creating 4.0 filesystem on /mnt/build_wrt/build_dir/target-aarch64_cortex-a53_musl/linux-qualcommax_ipq60xx/root.squashfs+pkg=c4e4fd53, block size 262144.
[|                                                             ]    0/5561   0%[======================/                                       ] 2200/5853  37%[==============================/                               ] 2900/5853  49%[==================================/                           ] 3300/5853  56%[============================================\                 ] 4300/5853  73%[=============================================================|] 5853/5853 100%

Exportable Squashfs 4.0 filesystem, xz compressed, data block size 262144
	compressed data, compressed metadata, compressed fragments,
	no xattrs, compressed ids
	duplicates are removed
Filesystem size 169157.72 Kbytes (165.19 Mbytes)
	27.87% of uncompressed filesystem size (606896.20 Kbytes)
Inode table size 38416 bytes (37.52 Kbytes)
	23.75% of uncompressed inode table size (161774 bytes)
Directory table size 46866 bytes (45.77 Kbytes)
	44.87% of uncompressed directory table size (104439 bytes)
Number of duplicate files found 217
Number of inodes 4461
Number of files 3440
Number of fragments 197
Number of symbolic links 709
Number of device nodes 1
Number of fifo nodes 0
Number of socket nodes 0
Number of directories 311
Number of hard-links 0
Number of ids (unique uids + gids) 1
Number of uids 1
	root (0)
Number of gids 1
	root (0)
[ -f /mnt/build_wrt/build_dir/target-aarch64_cortex-a53_musl/linux-qualcommax_ipq60xx/jdcloud_re-cs-02-uImage.itb -a -f /mnt/build_wrt/build_dir/target-aarch64_cortex-a53_musl/linux-qualcommax_ipq60xx/root.squashfs+pkg=c4e4fd53 ]
make[5]: *** [Makefile:42: /mnt/build_wrt/build_dir/target-aarch64_cortex-a53_musl/linux-qualcommax_ipq60xx/tmp/immortalwrt-qualcommax-ipq60xx-jdcloud_re-cs-02-squashfs-sysupgrade.bin] Error 1
make[5]: Leaving directory '/mnt/build_wrt/target/linux/qualcommax/image'
make[4]: *** [Makefile:38: install] Error 2
make[4]: Leaving directory '/mnt/build_wrt/target/linux/qualcommax'
make[3]: *** [Makefile:12: install] Error 2
make[3]: Leaving directory '/mnt/build_wrt/target/linux'
time: target/linux/install#471.34#8.68#139.22
    ERROR: target/linux failed to build.
make[2]: *** [target/Makefile:32: target/linux/install] Error 1
make[2]: Leaving directory '/mnt/build_wrt'
make[1]: *** [target/Makefile:26: /mnt/build_wrt/staging_dir/target-aarch64_cortex-a53_musl/stamp/.target_install] Error 2
make[1]: Leaving directory '/mnt/build_wrt'
make: *** [/mnt/build_wrt/include/toplevel.mk:233: world] Error 2

--- RECENT ERROR LOGS IN BUILD DIR ---
=== File: ./wrt/build_dir/hostpkg/ruby-4.0.2/.bundle/gems/rbs-3.10.0/ext/rbs_extension/mkmf.log ===
append_cflags: checking for whether -std=gnu99 is accepted as CFLAGS... -------------------- yes

LD_LIBRARY_PATH=.:../../../../.. LSAN_OPTIONS=detect_leaks=0 "ccache /mnt/build_wrt/staging_dir/host/bin/gcc -o conftest -I../../../../../.ext/include/x86_64-linux-gnu -I../../../../.././include -I../../../../.././.bundle/gems/rbs-3.10.0/ext/rbs_extension -I../../../../../. -I../../../../.././.bundle/gems/rbs-3.10.0/ext/rbs_extension/../../include -I/mnt/build_wrt/staging_dir/host/include -I/mnt/build_wrt/staging_dir/hostpkg/include -I/mnt/build_wrt/staging_dir/target-aarch64_cortex-a53_musl/host/include   -O2 -I/mnt/build_wrt/staging_dir/host/include -I/mnt/build_wrt/staging_dir/hostpkg/include -I/mnt/build_wrt/staging_dir/target-aarch64_cortex-a53_musl/host/include conftest.c -L. -L../../../../.. -L. -L/mnt/build_wrt/staging_dir/host/lib -L/mnt/build_wrt/staging_dir/hostpkg/lib -L/mnt/build_wrt/staging_dir/target-aarch64_cortex-a53_musl/host/lib -fstack-protector-strong -rdynamic -Wl,-export-dynamic     -Wl,-rpath,/mnt/build_wrt/staging_dir/hostpkg/lib -L/mnt/build_wrt/staging_dir/hostpkg/lib -lruby-static -lz -lrt -lrt -ldl -lcrypt -lm -lpthread   -lm -lpthread  -lc"
checked program was:
/* begin */
1: #include "ruby.h"
2: 
3: int main(int argc, char **argv)
4: {
5:   return !!argv[argc];
6: }
/* end */

LD_LIBRARY_PATH=.:../../../../.. LSAN_OPTIONS=detect_leaks=0 "ccache /mnt/build_wrt/staging_dir/host/bin/gcc -I../../../../../.ext/include/x86_64-linux-gnu -I../../../../.././include -I../../../../.././.bundle/gems/rbs-3.10.0/ext/rbs_extension -I../../../../../. -I../../../../.././.bundle/gems/rbs-3.10.0/ext/rbs_extension/../../include -I/mnt/build_wrt/staging_dir/host/include -I/mnt/build_wrt/staging_dir/hostpkg/include -I/mnt/build_wrt/staging_dir/target-aarch64_cortex-a53_musl/host/include   -O2 -I/mnt/build_wrt/staging_dir/host/include -I/mnt/build_wrt/staging_dir/hostpkg/include -I/mnt/build_wrt/staging_dir/target-aarch64_cortex-a53_musl/host/include  -std=gnu99 -Werror -c conftest.c"
checked program was:
/* begin */
1: #include "ruby.h"
2: 
3: int main(int argc, char **argv)
4: {
5:   return !!argv[argc];
6: }
/* end */

--------------------

append_cflags: checking for whether -Wimplicit-fallthrough is accepted as CFLAGS... -------------------- yes

LD_LIBRARY_PATH=.:../../../../.. LSAN_OPTIONS=detect_leaks=0 "ccache /mnt/build_wrt/staging_dir/host/bin/gcc -I../../../../../.ext/include/x86_64-linux-gnu -I../../../../.././include -I../../../../.././.bundle/gems/rbs-3.10.0/ext/rbs_extension -I../../../../../. -I../../../../.././.bundle/gems/rbs-3.10.0/ext/rbs_extension/../../include -I/mnt/build_wrt/staging_dir/host/include -I/mnt/build_wrt/staging_dir/hostpkg/include -I/mnt/build_wrt/staging_dir/target-aarch64_cortex-a53_musl/host/include   -O2 -I/mnt/build_wrt/staging_dir/host/include -I/mnt/build_wrt/staging_dir/hostpkg/include -I/mnt/build_wrt/staging_dir/target-aarch64_cortex-a53_musl/host/include -std=gnu99  -Wimplicit-fallthrough -Werror -c conftest.c"
checked program was:
/* begin */
1: #include "ruby.h"
2: 
3: int main(int argc, char **argv)
4: {
5:   return !!argv[argc];
6: }
/* end */

--------------------

append_cflags: checking for whether -Wunused-result is accepted as CFLAGS... -------------------- yes

LD_LIBRARY_PATH=.:../../../../.. LSAN_OPTIONS=detect_leaks=0 "ccache /mnt/build_wrt/staging_dir/host/bin/gcc -I../../../../../.ext/include/x86_64-linux-gnu -I../../../../.././include -I../../../../.././.bundle/gems/rbs-3.10.0/ext/rbs_extension -I../../../../../. -I../../../../.././.bundle/gems/rbs-3.10.0/ext/rbs_extension/../../include -I/mnt/build_wrt/staging_dir/host/include -I/mnt/build_wrt/staging_dir/hostpkg/include -I/mnt/build_wrt/staging_dir/target-aarch64_cortex-a53_musl/host/include   -O2 -I/mnt/build_wrt/staging_dir/host/include -I/mnt/build_wrt/staging_dir/hostpkg/include -I/mnt/build_wrt/staging_dir/target-aarch64_cortex-a53_musl/host/include -std=gnu99 -Wimplicit-fallthrough  -Wunused-result -Werror -c conftest.c"
checked program was:
/* begin */
1: #include "ruby.h"
2: 
3: int main(int argc, char **argv)
4: {
5:   return !!argv[argc];
6: }
/* end */

--------------------

append_cflags: checking for whether -Wc++-compat is accepted as CFLAGS... -------------------- yes

LD_LIBRARY_PATH=.:../../../../.. LSAN_OPTIONS=detect_leaks=0 "ccache /mnt/build_wrt/staging_dir/host/bin/gcc -I../../../../../.ext/include/x86_64-linux-gnu -I../../../../.././include -I../../../../.././.bundle/gems/rbs-3.10.0/ext/rbs_extension -I../../../../../. -I../../../../.././.bundle/gems/rbs-3.10.0/ext/rbs_extension/../../include -I/mnt/build_wrt/staging_dir/host/include -I/mnt/build_wrt/staging_dir/hostpkg/include -I/mnt/build_wrt/staging_dir/target-aarch64_cortex-a53_musl/host/include   -O2 -I/mnt/build_wrt/staging_dir/host/include -I/mnt/build_wrt/staging_dir/hostpkg/include -I/mnt/build_wrt/staging_dir/target-aarch64_cortex-a53_musl/host/include -std=gnu99 -Wimplicit-fallthrough -Wunused-result  -Wc++-compat -Werror -c conftest.c"
checked program was:
/* begin */
1: #include "ruby.h"
2: 
3: int main(int argc, char **argv)
4: {
5:   return !!argv[argc];
6: }
/* end */

--------------------

append_cflags: checking for whether -DNDEBUG is accepted as CFLAGS... -------------------- yes

LD_LIBRARY_PATH=.:../../../../.. LSAN_OPTIONS=detect_leaks=0 "ccache /mnt/build_wrt/staging_dir/host/bin/gcc -I../../../../../.ext/include/x86_64-linux-gnu -I../../../../.././include -I../../../../.././.bundle/gems/rbs-3.10.0/ext/rbs_extension -I../../../../../. -I../../../../.././.bundle/gems/rbs-3.10.0/ext/rbs_extension/../../include -I/mnt/build_wrt/staging_dir/host/include -I/mnt/build_wrt/staging_dir/hostpkg/include -I/mnt/build_wrt/staging_dir/target-aarch64_cortex-a53_musl/host/include   -O2 -I/mnt/build_wrt/staging_dir/host/include -I/mnt/build_wrt/staging_dir/hostpkg/include -I/mnt/build_wrt/staging_dir/target-aarch64_cortex-a53_musl/host/include -std=gnu99 -Wimplicit-fallthrough -Wunused-result -Wc++-compat  -DNDEBUG -Werror -c conftest.c"
checked program was:
/* begin */
1: #include "ruby.h"
2: 
3: int main(int argc, char **argv)
4: {
5:   return !!argv[argc];
6: }
/* end */

--------------------

extconf.h is:
/* begin */
1: #ifndef EXTCONF_H
2: #define EXTCONF_H
3: #endif
/* end */

=== File: ./wrt/build_dir/hostpkg/ruby-4.0.2/.bundle/gems/win32ole-1.9.2/ext/win32ole/mkmf.log ===
have_library: checking for -lole32... -------------------- no

LD_LIBRARY_PATH=.:../../../../.. LSAN_OPTIONS=detect_leaks=0 "ccache /mnt/build_wrt/staging_dir/host/bin/gcc -o conftest -I../../../../../.ext/include/x86_64-linux-gnu -I../../../../.././include -I../../../../.././.bundle/gems/win32ole-1.9.2/ext/win32ole -I/mnt/build_wrt/staging_dir/host/include -I/mnt/build_wrt/staging_dir/hostpkg/include -I/mnt/build_wrt/staging_dir/target-aarch64_cortex-a53_musl/host/include   -O2 -I/mnt/build_wrt/staging_dir/host/include -I/mnt/build_wrt/staging_dir/hostpkg/include -I/mnt/build_wrt/staging_dir/target-aarch64_cortex-a53_musl/host/include conftest.c -L. -L../../../../.. -L. -L/mnt/build_wrt/staging_dir/host/lib -L/mnt/build_wrt/staging_dir/hostpkg/lib -L/mnt/build_wrt/staging_dir/target-aarch64_cortex-a53_musl/host/lib -fstack-protector-strong -rdynamic -Wl,-export-dynamic     -Wl,-rpath,/mnt/build_wrt/staging_dir/hostpkg/lib -L/mnt/build_wrt/staging_dir/hostpkg/lib -lruby-static -lz -lrt -lrt -ldl -lcrypt -lm -lpthread   -lm -lpthread  -lc"
checked program was:
/* begin */
1: #include "ruby.h"
2: 
3: int main(int argc, char **argv)
4: {
5:   return !!argv[argc];
6: }
/* end */

LD_LIBRARY_PATH=.:../../../../.. LSAN_OPTIONS=detect_leaks=0 "ccache /mnt/build_wrt/staging_dir/host/bin/gcc -o conftest -I../../../../../.ext/include/x86_64-linux-gnu -I../../../../.././include -I../../../../.././.bundle/gems/win32ole-1.9.2/ext/win32ole -I/mnt/build_wrt/staging_dir/host/include -I/mnt/build_wrt/staging_dir/hostpkg/include -I/mnt/build_wrt/staging_dir/target-aarch64_cortex-a53_musl/host/include   -O2 -I/mnt/build_wrt/staging_dir/host/include -I/mnt/build_wrt/staging_dir/hostpkg/include -I/mnt/build_wrt/staging_dir/target-aarch64_cortex-a53_musl/host/include conftest.c -L. -L../../../../.. -L. -L/mnt/build_wrt/staging_dir/host/lib -L/mnt/build_wrt/staging_dir/hostpkg/lib -L/mnt/build_wrt/staging_dir/target-aarch64_cortex-a53_musl/host/lib -fstack-protector-strong -rdynamic -Wl,-export-dynamic     -Wl,-rpath,/mnt/build_wrt/staging_dir/hostpkg/lib -L/mnt/build_wrt/staging_dir/hostpkg/lib -lruby-static -lz -lrt -lrt -ldl -lcrypt -lm -lpthread  -lole32  -lm -lpthread  -lc"
/usr/bin/ld: cannot find -lole32: No such file or directory
collect2: error: ld returned 1 exit status
checked program was:
/* begin */
 1: #include "ruby.h"
 2: 
 3: /*top*/
 4: extern int t(void);
 5: int main(int argc, char **argv)
 6: {
 7:   if (argc > 1000000) {
 8:     int (* volatile tp)(void)=(int (*)(void))&t;
 9:     printf("%d", (*tp)());
10:   }
11: 
12:   return !!argv[argc];
13: }
14: 
15: int t(void) { ; return 0; }
/* end */

--------------------

=== File: ./wrt/build_dir/hostpkg/ruby-4.0.2/.bundle/gems/debug-1.11.1/ext/debug/mkmf.log ===
extconf.h is:
/* begin */
1: #ifndef EXTCONF_H
2: #define EXTCONF_H
3: #define HAVE_RB_ISEQ 1
4: #define HAVE_RB_ISEQ_PARAMETERS 1
5: #define HAVE_RB_ISEQ_CODE_LOCATION 1
6: #define HAVE_RB_ISEQ_TYPE 1
7: #endif
/* end */

=== File: ./wrt/build_dir/hostpkg/ruby-4.0.2/config.log ===
build='x86_64-pc-linux-gnu'
build_alias='x86_64-pc-linux-gnu'
build_cpu='x86_64'
build_os='linux-gnu'
build_vendor='pc'
cflags='${hardenflags}  ${optflags} ${debugflags} ${warnflags}'
cleanlibs=''
codesign=''
config_target='x86_64-pc-linux-gnu'
configure_args=' '\''--target=x86_64-pc-linux-gnu'\'' '\''--host=x86_64-pc-linux-gnu'\'' '\''--build=x86_64-pc-linux-gnu'\'' '\''--disable-dependency-tracking'\'' '\''--program-prefix='\'' '\''--program-suffix='\'' '\''--prefix=/mnt/build_wrt/staging_dir/hostpkg'\'' '\''--exec-prefix=/mnt/build_wrt/staging_dir/hostpkg'\'' '\''--sysconfdir=/mnt/build_wrt/staging_dir/hostpkg/etc'\'' '\''--localstatedir=/mnt/build_wrt/staging_dir/hostpkg/var'\'' '\''--sbindir=/mnt/build_wrt/staging_dir/hostpkg/bin'\'' '\''--disable-install-doc'\'' '\''--disable-install-rdoc'\'' '\''--disable-install-capi'\'' '\''--disable-yjit'\'' '\''--disable-zjit'\'' '\''--without-gmp'\'' '\''--with-static-linked-ext'\'' '\''--with-out-ext=-test-/*,bigdecimal,cgi/escape,continuation,coverage,etc,fcntl,fiddle,io/console,mathn/complex,mathn/rational,nkf,objspace,pty,racc/cparse,rbconfig/sizeof,readline,rubyvm,syslog,win32,win32ole,win32/resolv'\'' '\''build_alias=x86_64-pc-linux-gnu'\'' '\''host_alias=x86_64-pc-linux-gnu'\'' '\''target_alias=x86_64-pc-linux-gnu'\'' '\''CC=ccache /mnt/build_wrt/staging_dir/host/bin/gcc'\'' '\''CXX=ccache /mnt/build_wrt/staging_dir/host/bin/g++'\'' '\''CFLAGS=-O2 -I/mnt/build_wrt/staging_dir/host/include -I/mnt/build_wrt/staging_dir/hostpkg/include -I/mnt/build_wrt/staging_dir/target-aarch64_cortex-a53_musl/host/include'\'' '\''LDFLAGS=-L/mnt/build_wrt/staging_dir/host/lib -L/mnt/build_wrt/staging_dir/hostpkg/lib -L/mnt/build_wrt/staging_dir/target-aarch64_cortex-a53_musl/host/lib'\'' '\''CPPFLAGS=-I/mnt/build_wrt/staging_dir/host/include -I/mnt/build_wrt/staging_dir/hostpkg/include -I/mnt/build_wrt/staging_dir/target-aarch64_cortex-a53_musl/host/include'\'' '\''CXXFLAGS=-O2 -I/mnt/build_wrt/staging_dir/host/include -I/mnt/build_wrt/staging_dir/hostpkg/include -I/mnt/build_wrt/staging_dir/target-aarch64_cortex-a53_musl/host/include'\'''
cppflags=''
cxxflags=''
datadir='${datarootdir}'
datarootdir='${prefix}/share'
debugflags='-ggdb3'
docdir='${datarootdir}/doc/${PACKAGE}'
dsymutil=''
dvidir='${docdir}'
exec='exec'
exec_prefix='/mnt/build_wrt/staging_dir/hostpkg'
hardenflags='-fstack-protector-strong -U_FORTIFY_SOURCE -D_FORTIFY_SOURCE=2'
host='x86_64-pc-linux-gnu'
host_alias='x86_64-pc-linux-gnu'
host_cpu='x86_64'
host_os='linux-gnu'
host_vendor='pc'
htmldir='${docdir}'
incflags=''
includedir='${prefix}/include'
infodir='${datarootdir}/info'
libdir='${exec_prefix}/lib'
libdirname='libdir'
libexecdir='${exec_prefix}/libexec'
localedir='${datarootdir}/locale'
localstatedir='/mnt/build_wrt/staging_dir/hostpkg/var'
mandir='${datarootdir}/man'
modular_gc_dir=''
oldincludedir='/usr/include'
optflags='-O3 -fno-fast-math'
pdfdir='${docdir}'
prefix='/mnt/build_wrt/staging_dir/hostpkg'
program_transform_name='s&$$&&;s&^&&'
psdir='${docdir}'
ridir='${datarootdir}/${RI_BASE_NAME}'
ruby_pc='ruby-4.0.pc'
ruby_version='4.0.0'
rubyarchdir='${rubylibdir}/${arch}'
rubyarchhdrdir='${rubyhdrdir}/${arch}'
rubyarchprefix='${rubylibprefix}/${arch}'
rubyhdrdir='${includedir}/${RUBY_VERSION_NAME}'
rubylibdir='${rubylibprefix}/${ruby_version}'
rubylibprefix='${libdir}/${RUBY_BASE_NAME}'
rubysitearchprefix='${rubylibprefix}/${sitearch}'
rubyw_install_name=''
runstatedir='${localstatedir}/run'
sbindir='/mnt/build_wrt/staging_dir/hostpkg/bin'
setup='Setup'
sharedstatedir='${prefix}/com'
sitearch='${arch}'
sitearchdir='${sitelibdir}/${sitearch}'
sitearchhdrdir='${sitehdrdir}/${sitearch}'
sitearchincludedir='${includedir}/${sitearch}'
sitearchlibdir='${libdir}/${sitearch}'
sitedir='${rubylibprefix}/site_ruby'
sitehdrdir='${rubyhdrdir}/site_ruby'
sitelibdir='${sitedir}/${ruby_version}'
strict_warnflags=''
sysconfdir='/mnt/build_wrt/staging_dir/hostpkg/etc'
target='x86_64-pc-linux-gnu'
target_alias='x86_64-pc-linux-gnu'
target_cpu='x86_64'
target_os='linux-gnu'
target_vendor='pc'
try_header=''
vendorarchdir='${vendorlibdir}/${sitearch}'
vendorarchhdrdir='${vendorhdrdir}/${sitearch}'
vendordir='${rubylibprefix}/vendor_ruby'
vendorhdrdir='${rubyhdrdir}/vendor_ruby'
vendorlibdir='${vendordir}/${ruby_version}'
warnflags='-Wall -Wextra -Wdeprecated-declarations -Wdiv-by-zero -Wduplicated-cond -Wimplicit-function-declaration -Wimplicit-int -Wpointer-arith -Wwrite-strings -Wold-style-definition -Wimplicit-fallthrough=0 -Wmissing-noreturn -Wno-cast-function-type -Wno-constant-logical-operand -Wno-long-long -Wno-missing-field-initializers -Wno-overlength-strings -Wno-packed-bitfield-compat -Wno-parentheses-equality -Wno-self-assign -Wno-tautological-compare -Wno-unused-parameter -Wno-unused-value -Wsuggest-attribute=format -Wsuggest-attribute=noreturn -Wunused-variable -Wmisleading-indentation -Wundef'
warranty; not even for MERCHANTABILITY or FITNESS FOR A PARTICULAR PURPOSE.'
wasmoptflags=''

configure: exit 0

## ---------------------- ##
## Running config.status. ##
## ---------------------- ##

This file was extended by config.status, which was
generated by GNU Autoconf 2.71.  Invocation command line was

  CONFIG_FILES    = 
  CONFIG_HEADERS  = 
  CONFIG_LINKS    = 
  CONFIG_COMMANDS = 
  $ ./config.status --file=-:./template/ruby.pc.in

on runnervmlun5p

=== File: ./wrt/build_dir/hostpkg/ncurses-6.6.20260801/config.log ===
#define HAVE_NC_ALLOC_H 1
#define HAVE_MATH_FUNCS 1
#define TIME_WITH_SYS_TIME 1
#define HAVE_REGEX_H_FUNCS 1
#define HAVE_ALLOCA_H 1
#define HAVE_FCNTL_H 1
#define HAVE_GETOPT_H 1
#define HAVE_LIMITS_H 1
#define HAVE_LOCALE_H 1
#define HAVE_MALLOC_H 1
#define HAVE_MATH_H 1
#define HAVE_POLL_H 1
#define HAVE_SYS_AUXV_H 1
#define HAVE_SYS_FSUID_H 1
#define HAVE_SYS_IOCTL_H 1
#define HAVE_SYS_PARAM_H 1
#define HAVE_SYS_POLL_H 1
#define HAVE_SYS_SELECT_H 1
#define HAVE_SYS_TIME_H 1
#define HAVE_SYS_TIMES_H 1
#define HAVE_UNISTD_H 1
#define HAVE_WCTYPE_H 1
#define HAVE_GETOPT_H 1
#define HAVE_GETOPT_HEADER 1
#define DECL_ENVIRON 1
#define HAVE_ENVIRON 1
#define HAVE_PUTENV 1
#define HAVE_SETENV 1
#define HAVE_STRDUP 1
#define HAVE_SYS_TIME_SELECT 1
#define SIG_ATOMIC_T volatile sig_atomic_t
#define HAVE_CLOCK_GETTIME 1
#define HAVE_FPATHCONF 1
#define HAVE_GETCWD 1
#define HAVE_GETAUXVAL 1
#define HAVE_GETEGID 1
#define HAVE_GETEUID 1
#define HAVE_GETOPT 1
#define HAVE_GETUID 1
#define HAVE_LOCALECONV 1
#define HAVE_POLL 1
#define HAVE_REMOVE 1
#define HAVE_SELECT 1
#define HAVE_SETBUF 1
#define HAVE_SETBUFFER 1
#define HAVE_SETFSUID 1
#define HAVE_SETVBUF 1
#define HAVE_SIGACTION 1
#define HAVE_SNPRINTF 1
#define HAVE_STRDUP 1
#define HAVE_STRSTR 1
#define HAVE_SYSCONF 1
#define HAVE_TCGETPGRP 1
#define HAVE_TIMES 1
#define HAVE_TSEARCH 1
#define HAVE_VSNPRINTF 1
#define HAVE_ISASCII 1
#define HAVE_NANOSLEEP 1
#define HAVE_SGTTY_H 1
#define HAVE_TERMIO_H 1
#define HAVE_TERMIOS_H 1
#define HAVE_UNISTD_H 1
#define HAVE_SYS_IOCTL_H 1
#define HAVE_TCGETATTR 1
#define HAVE_VSSCANF 1
#define HAVE_UNISTD_H 1
#define HAVE_MKSTEMP 1
#define HAVE_SIZECHANGE 1
#define HAVE_POSIX_OPENPT 1
#define HAVE_WORKING_POLL 1
#define HAVE_CONSISTENT_MB_LEN_MAX 1
#define HAVE_VA_COPY 1
#define HAVE_UNISTD_H 1
#define HAVE_FORK 1
#define HAVE_VFORK 1
#define HAVE_WORKING_VFORK 1
#define HAVE_WORKING_FORK 1
#define USE_FOPEN_BIN_R 1
#define HAVE_CC_T 1
#define HAVE_SPEED_T 1
#define HAVE_TCFLAG_T 1
#define HAVE_SIGSET_T 1
#define USE_OPENPTY_HEADER <pty.h>
#define USE_XTERM_PTY 1
#define USE_STDBOOL_H 1
#define SIZEOF_BOOL 1
#define SIZEOF_WCHAR_T 4
#define HAVE_SLK_COLOR 1
#define HAVE_PANEL_H 1
#define HAVE_LIBPANEL 1
#define HAVE_MENU_H 1
#define HAVE_LIBMENU 1
#define HAVE_FORM_H 1
#define HAVE_LIBFORM 1
#define NCURSES_PATHSEP ':'
#define NCURSES_VERSION_STRING "6.6.20260801"
#define NCURSES_OSPEED_COMPAT 1


configure: exit 0
=== File: ./wrt/build_dir/hostpkg/yaml-0.2.5/config.log ===
PACKAGE_NAME='yaml'
PACKAGE_STRING='yaml 0.2.5'
PACKAGE_TARNAME='yaml'
PACKAGE_URL=''
PACKAGE_VERSION='0.2.5'
PATH_SEPARATOR=':'
RANLIB='ranlib'
SED='/mnt/build_wrt/staging_dir/host/bin/sed'
SET_MAKE=''
SHELL='/usr/bin/env bash'
STRIP='strip'
VERSION='0.2.5'
YAML_LT_AGE='0'
YAML_LT_CURRENT='2'
YAML_LT_RELEASE='0'
YAML_LT_REVISION='9'
ac_ct_AR='ar'
ac_ct_CC=''
ac_ct_DUMPBIN=''
am__EXEEXT_FALSE=''
am__EXEEXT_TRUE='#'
am__fastdepCC_FALSE=''
am__fastdepCC_TRUE='#'
am__include='include'
am__isrc=''
am__leading_dot='.'
am__nodep=''
am__quote=''
am__tar='$${TAR-tar} chof - "$$tardir"'
am__untar='$${TAR-tar} xf -'
bindir='${exec_prefix}/bin'
build='x86_64-pc-linux-gnu'
build_alias='x86_64-pc-linux-gnu'
build_cpu='x86_64'
build_os='linux-gnu'
build_vendor='pc'
datadir='${datarootdir}'
datarootdir='${prefix}/share'
docdir='${datarootdir}/doc/${PACKAGE_TARNAME}'
dvidir='${docdir}'
exec_prefix='/mnt/build_wrt/staging_dir/hostpkg'
host='x86_64-pc-linux-gnu'
host_alias='x86_64-pc-linux-gnu'
host_cpu='x86_64'
host_os='linux-gnu'
host_vendor='pc'
htmldir='${docdir}'
includedir='${prefix}/include'
infodir='${datarootdir}/info'
install_sh='${SHELL} /mnt/build_wrt/build_dir/hostpkg/yaml-0.2.5/config/install-sh'
libdir='${exec_prefix}/lib'
libexecdir='${exec_prefix}/libexec'
localedir='${datarootdir}/locale'
localstatedir='/mnt/build_wrt/staging_dir/hostpkg/var'
mandir='${datarootdir}/man'
mkdir_p='$(MKDIR_P)'
oldincludedir='/usr/include'
pdfdir='${docdir}'
prefix='/mnt/build_wrt/staging_dir/hostpkg'
program_transform_name='s&$$&&;s&^&&'
psdir='${docdir}'
runstatedir='${localstatedir}/run'
sbindir='/mnt/build_wrt/staging_dir/hostpkg/bin'
sharedstatedir='${prefix}/com'
sysconfdir='/mnt/build_wrt/staging_dir/hostpkg/etc'
target_alias='x86_64-pc-linux-gnu'

## ----------- ##
## confdefs.h. ##
## ----------- ##

/* confdefs.h */
#define PACKAGE_NAME "yaml"
#define PACKAGE_TARNAME "yaml"
#define PACKAGE_VERSION "0.2.5"
#define PACKAGE_STRING "yaml 0.2.5"
#define PACKAGE_BUGREPORT "https://github.com/yaml/libyaml/issues/new"
#define PACKAGE_URL ""
#define PACKAGE "yaml"
#define VERSION "0.2.5"
#define YAML_VERSION_MAJOR 0
#define YAML_VERSION_MINOR 2
#define YAML_VERSION_PATCH 5
#define YAML_VERSION_STRING "0.2.5"
#define STDC_HEADERS 1
#define HAVE_SYS_TYPES_H 1
#define HAVE_SYS_STAT_H 1
#define HAVE_STDLIB_H 1
#define HAVE_STRING_H 1
#define HAVE_MEMORY_H 1
#define HAVE_STRINGS_H 1
#define HAVE_INTTYPES_H 1
#define HAVE_STDINT_H 1
#define HAVE_UNISTD_H 1
#define HAVE_DLFCN_H 1
#define LT_OBJDIR ".libs/"
#define STDC_HEADERS 1
#define HAVE_STDLIB_H 1

configure: exit 0
=== File: ./wrt/build_dir/hostpkg/go-1.24.13/.go_bootstrap/test/bench/shootout/timing.log ===
	gcc -O2 threadring.c -lpthread	37.30u 327.81s 289.28r
	gccgo -O2 threadring.go	42.83u 26.15s 69.14r
	gc threadring	13.00u 0.00s 13.03r

chameneos 6000000
	gcc -O2 chameneosredux.c -lpthread	8.80u 71.67s 12.19r
	gccgo -O2 chameneosredux.go	11.28u 6.68s 18.00r
	gc chameneosredux	6.94u 0.00s 6.96r

# May 23, 2013
# Go 1.1, which includes precise GC, new scheduler, faster maps.
# 20%-ish speedups across many benchmarks.
# gccgo showing significant improvement (even though it's not yet up to Go 1.1)
#
# Standouts:
#	fannkuch, regex-dna, k-nucleotide, threadring, chameneos

fasta -n 25000000
	gcc -m64 -O2 fasta.c	1.54u 0.01s 1.55r
	gccgo -O2 fasta.go	1.42u 0.00s 1.43r
	gc fasta	1.50u 0.01s 1.52r # -16%
	gc_B fasta	1.46u 0.00s 1.46r # -17%

reverse-complement < output-of-fasta-25000000
	gcc -m64 -O2 reverse-complement.c	0.87u 0.37s 4.36r
	gccgo -O2 reverse-complement.go	0.77u 0.15s 0.93r # -15%
	gc reverse-complement	0.99u 0.12s 1.12r # -15%
	gc_B reverse-complement	0.85u 0.17s 1.02r # -21%

nbody -n 50000000
	gcc -m64 -O2 nbody.c -lm	13.50u 0.00s 13.53r
	gccgo -O2 nbody.go	13.98u 0.01s 14.02r
	gc nbody	16.63u 0.01s 16.67r
	gc_B nbody	15.74u 0.00s 15.76r

binary-tree 15 # too slow to use 20
	gcc -m64 -O2 binary-tree.c -lm	0.61u 0.00s 0.61r
	gccgo -O2 binary-tree.go	1.11u 0.01s 1.12r # -13%
	gccgo -O2 binary-tree-freelist.go	0.22u 0.01s 0.23r
	gc binary-tree	1.83u 0.02s 1.83r # -7%
	gc binary-tree-freelist	0.32u 0.00s 0.32r

fannkuch 12
	gcc -m64 -O2 fannkuch.c	45.56u 0.00s 45.67r
	gccgo -O2 fannkuch.go	57.71u 0.00s 57.85r # -4%
	gccgo -O2 fannkuch-parallel.go	146.31u 0.00s 37.50r #-37%
	gc fannkuch	70.06u 0.03s 70.17r # -3%
	gc fannkuch-parallel	131.88u 0.06s 33.59r # -23%
	gc_B fannkuch	45.55u 0.02s 45.63r # -15%

regex-dna 100000
	gcc -m64 -O2 regex-dna.c -lpcre	0.44u 0.01s 0.45r
	gccgo -O2 regex-dna.go	5.59u 0.00s 5.61r # -14%
	gccgo -O2 regex-dna-parallel.go	10.85u 0.30s 3.34r # -24%
	gc regex-dna	2.23u 0.01s 2.25r # -43%
	gc regex-dna-parallel	2.35u 0.00s 0.93r # -40%
	gc_B regex-dna	2.24u 0.01s 2.25r # -43%

spectral-norm 5500
	gcc -m64 -O2 spectral-norm.c -lm	14.84u 0.00s 14.88r
	gccgo -O2 spectral-norm.go	15.33u 0.00s 15.37r
	gc spectral-norm	16.75u 0.02s 16.79r # -15%
	gc_B spectral-norm	16.77u 0.01s 16.79r # -15%

k-nucleotide 1000000
	gcc -O2 k-nucleotide.c -I/usr/include/glib-2.0 -I/usr/lib/x86_64-linux-gnu/glib-2.0/include -lglib-2.0 	4.50u 0.00s 4.52r
	gccgo -O2 k-nucleotide.go	3.72u 0.04s 3.77r # -21%
	gccgo -O2 k-nucleotide-parallel.go	3.88u 0.03s 1.42r # -35%
	gc k-nucleotide	6.32u 0.01s 6.33r # -31%
	gc k-nucleotide-parallel	6.47u 0.05s 2.13r # -33%
	gc_B k-nucleotide	6.45u 0.01s 6.47r # - 28%

mandelbrot 16000
	gcc -m64 -O2 mandelbrot.c	36.03u 0.00s 36.11r
	gccgo -O2 mandelbrot.go	37.61u 0.00s 37.74r # -14%
	gc mandelbrot	38.19u 0.05s 38.29r
	gc_B mandelbrot	38.19u 0.03s 38.26r

meteor 2098
	gcc -m64 -O2 meteor-contest.c	0.08u 0.00s 0.08r
	gccgo -O2 meteor-contest.go	0.09u 0.01s 0.10r
	gc meteor-contest	0.12u 0.00s 0.12r # -15% although perhaps just noise
	gc_B meteor-contest	0.11u 0.00s 0.12r # -8% although perhaps just noise

pidigits 10000
	gcc -m64 -O2 pidigits.c -lgmp	2.27u 0.00s 2.28r
	gccgo -O2 pidigits.go	8.95u 0.02s 8.99r
	gc pidigits	2.88u 0.14s 2.91r
	gc_B pidigits	2.92u 0.10s 2.91r

threadring 50000000
	gcc -m64 -O2 threadring.c -lpthread	14.75u 167.88s 212.23r
	gccgo -O2 threadring.go	36.72u 12.08s 48.91r # -29%
	gc threadring	10.93u 0.01s 10.95r # -16%

chameneos 6000000
	gcc -m64 -O2 chameneosredux.c -lpthread	8.89u 56.62s 9.75r
	gccgo -O2 chameneosredux.go	9.48u 2.48s 11.99r # -33%
	gc chameneosredux	5.80u 0.00s 5.81r # -16%

=== File: ./wrt/build_dir/hostpkg/go-1.24.13/.go_bootstrap_1.20/src/cmd/go/internal/modindex/testdata/ignore_non_source/baz.log ===
=== File: ./wrt/build_dir/hostpkg/go-1.24.13/.go_bootstrap_1.22/src/cmd/go/internal/modindex/testdata/ignore_non_source/baz.log ===
=== File: ./wrt/build_dir/hostpkg/go-1.24.13/src/cmd/go/internal/modindex/testdata/ignore_non_source/baz.log ===
=== File: ./wrt/build_dir/hostpkg/gettext-1.0/gettext-tools/examples/config.log ===
AM_V='$(shell if ( test "x$(V)" = "x0" ); then echo 0; elif ( test "x$(V)" = "x" ); then echo $(AM_DEFAULT_VERBOSITY); else echo 1; fi)'
AUTOCONF='${SHELL} '\''/mnt/build_wrt/build_dir/hostpkg/gettext-1.0/build-aux/missing'\'' autoconf'
AUTOHEADER='${SHELL} '\''/mnt/build_wrt/build_dir/hostpkg/gettext-1.0/build-aux/missing'\'' autoheader'
AUTOMAKE='${SHELL} '\''/mnt/build_wrt/build_dir/hostpkg/gettext-1.0/build-aux/missing'\'' automake-1.18'
AWK='gawk'
CSCOPE='cscope'
CTAGS='ctags'
CYGPATH_W='echo'
DEFS='-DPACKAGE_NAME=\"gettext\" -DPACKAGE_TARNAME=\"gettext\" -DPACKAGE_VERSION=\"package\" -DPACKAGE_STRING=\"gettext\ package\" -DPACKAGE_BUGREPORT=\"bug-gettext@gnu.org\" -DPACKAGE_URL=\"\" -DPACKAGE_VERSION=\"1.0\" -DPACKAGE_STRING=\"gettext\ 1.0\" -DPACKAGE=\"gettext\" -DVERSION=\"1.0\"'
ECHO_C=''
ECHO_N='-n'
ECHO_T=''
ETAGS='etags'
GETTEXT_MACRO_VERSION='0.22'
GMSGFMT='/mnt/build_wrt/staging_dir/hostpkg/bin/gmsgfmt'
GMSGFMT_015='/mnt/build_wrt/staging_dir/hostpkg/bin/gmsgfmt'
INSTALL_DATA='${INSTALL} -m 644'
INSTALL_PROGRAM='${INSTALL}'
INSTALL_SCRIPT='${INSTALL}'
INSTALL_STRIP_PROGRAM='$(install_sh) -c -s'
LIBOBJS=''
LIBS=''
LTLIBOBJS=''
MAKEINFO='${SHELL} '\''/mnt/build_wrt/build_dir/hostpkg/gettext-1.0/build-aux/missing'\'' makeinfo'
MKDIR_P='/usr/bin/mkdir -p'
MSGFMT='/mnt/build_wrt/staging_dir/hostpkg/bin/msgfmt'
MSGMERGE='/mnt/build_wrt/staging_dir/hostpkg/bin/msgmerge'
MSGMERGE_FOR_MSGFMT_OPTION='--for-msgfmt'
PACKAGE='gettext'
PACKAGE_BUGREPORT='bug-gettext@gnu.org'
PACKAGE_NAME='gettext'
PACKAGE_STRING='gettext 1.0'
PACKAGE_TARNAME='gettext'
PACKAGE_URL=''
PACKAGE_VERSION='1.0'
PATH_SEPARATOR=':'
SED='/mnt/build_wrt/staging_dir/host/bin/sed'
SET_MAKE=''
SHELL='/usr/bin/env bash'
STRIP=''
USE_NLS='yes'
VERSION='1.0'
XGETTEXT='/mnt/build_wrt/staging_dir/hostpkg/bin/xgettext'
XGETTEXT_015='/mnt/build_wrt/staging_dir/hostpkg/bin/xgettext'
XGETTEXT_EXTRA_OPTIONS=''
aclocaldir='${datadir}/aclocal'
am__isrc=''
am__leading_dot='.'
am__rm_f_notfound=''
am__tar='tar --format=ustar -chf - "$$tardir"'
am__untar='tar -xf -'
am__xargs_n='xargs -n'
bindir='${exec_prefix}/bin'
build_alias='x86_64-pc-linux-gnu'
datadir='${datarootdir}'
datarootdir='${prefix}/share'
docdir='${datarootdir}/doc/gettext'
dvidir='${docdir}'
exec_prefix='/mnt/build_wrt/staging_dir/hostpkg'
host_alias='x86_64-pc-linux-gnu'
htmldir='${docdir}'
includedir='${prefix}/include'
infodir='${datarootdir}/info'
install_sh='${SHELL} /mnt/build_wrt/build_dir/hostpkg/gettext-1.0/build-aux/install-sh'
libdir='${exec_prefix}/lib'
libexecdir='${exec_prefix}/libexec'
localedir='${datarootdir}/locale'
localstatedir='/mnt/build_wrt/staging_dir/hostpkg/var'
mandir='${datarootdir}/man'
mkdir_p='$(MKDIR_P)'
oldincludedir='/usr/include'
pdfdir='${docdir}'
prefix='/mnt/build_wrt/staging_dir/hostpkg'
program_transform_name='s&$$&&;s&^&&'
psdir='${docdir}'
runstatedir='${localstatedir}/run'
sbindir='/mnt/build_wrt/staging_dir/hostpkg/bin'
sharedstatedir='${prefix}/com'
sysconfdir='/mnt/build_wrt/staging_dir/hostpkg/etc'
target_alias='x86_64-pc-linux-gnu'

## ----------- ##
## confdefs.h. ##
## ----------- ##

/* confdefs.h */
#define PACKAGE_NAME "gettext"
#define PACKAGE_TARNAME "gettext"
#define PACKAGE_VERSION "package"
#define PACKAGE_STRING "gettext package"
#define PACKAGE_BUGREPORT "bug-gettext@gnu.org"
#define PACKAGE_URL ""
#undef PACKAGE_VERSION
#define PACKAGE_VERSION "1.0"
#undef PACKAGE_STRING
#define PACKAGE_STRING "gettext 1.0"
#define PACKAGE "gettext"
#define VERSION "1.0"

configure: exit 0
=== File: ./wrt/build_dir/hostpkg/gettext-1.0/gettext-tools/config.log ===
#define GNULIB_TEST_MBSNLEN 1
#define GNULIB_TEST_MBSZERO 1
#define GNULIB_TEST_MEMCHR 1
#define HAVE_MEMMEM 1
#define GNULIB_TEST_MEMMEM 1
#define HAVE_MEMRCHR 1
#define GNULIB_TEST_MEMRCHR 1
#define GNULIB_MSVC_NOTHROW 1
#define GNULIB_TEST_OPEN 1
#define HAVE_FREXP_IN_LIBC 1
#define HAVE_LDEXP_IN_LIBC 1
#define HAVE_FREXPL_IN_LIBC 1
#define HAVE_LDEXPL_IN_LIBC 1
#define GNULIB_TEST_PTHREAD_ONCE 1
#define HAVE_RAISE 1
#define GNULIB_TEST_RAISE 1
#define HAVE_RAWMEMCHR 1
#define GNULIB_TEST_RAWMEMCHR 1
#define HAVE_REALLOC_POSIX 1
#define GNULIB_TEST_REALLOC_POSIX 1
#define HAVE_REALLOCARRAY 1
#define GNULIB_REALLOCARRAY 1
#define GNULIB_TEST_REALLOCARRAY 1
#define GNULIB_TEST_SETLOCALE_NULL 1
#define GNULIB_TEST_SIGNBIT 1
#define GNULIB_SIGPIPE 1
#define GNULIB_TEST_SIGPROCMASK 1
#define HAVE_STDINT_H 1
#define GNULIB_TEST_STAT 1
#define GNULIB_STAT 1
#define HAVE_STRUCT_STAT_ST_ATIM_TV_NSEC 1
#define TYPEOF_STRUCT_STAT_ST_ATIM_IS_STRUCT_TIMESPEC 1
#define HAVE_VASPRINTF 1
#define GNULIB_TEST_FSCANF 1
#define GNULIB_FSCANF 1
#define GNULIB_TEST_SCANF 1
#define GNULIB_SCANF 1
#define GNULIB_TEST_FGETC 1
#define GNULIB_TEST_GETC 1
#define GNULIB_TEST_GETCHAR 1
#define GNULIB_TEST_FGETS 1
#define GNULIB_TEST_FREAD 1
#define GNULIB_TEST_FPRINTF 1
#define GNULIB_TEST_PRINTF 1
#define GNULIB_TEST_VFPRINTF 1
#define GNULIB_TEST_VPRINTF 1
#define GNULIB_TEST_FPUTC 1
#define GNULIB_TEST_PUTC 1
#define GNULIB_TEST_PUTCHAR 1
#define GNULIB_TEST_FPUTS 1
#define GNULIB_TEST_PUTS 1
#define GNULIB_TEST_FWRITE 1
#define HAVE_STPCPY 1
#define GNULIB_TEST_STPCPY 1
#define HAVE_STPNCPY 1
#define HAVE_STPNCPY 1
#define GNULIB_TEST_STPNCPY 1
#define GNULIB_TEST_STR_STARTSWITH 1
#define HAVE_STRCHRNUL 1
#define GNULIB_TEST_STRCHRNUL 1
#define GNULIB_STRERROR 1
#define GNULIB_TEST_STRERROR 1
#define HAVE_CATGETS 1
#define GNULIB_TEST_STRERROR_R 1
#define GNULIB_STRERROR_R_POSIX 1
#define GNULIB_TEST_STRNLEN 1
#define GNULIB_TEST_STRSTR 1
#define GNULIB_UNISTR_U16_MBTOUC 1
#define GNULIB_UNISTR_U8_MBTOUC 1
#define GNULIB_UNISTR_U8_MBTOUC_UNSAFE 1
#define GNULIB_UNISTR_U8_MBTOUCR 1
#define GNULIB_UNISTR_U8_UCTOMB 1
#define GNULIB_STDIO_SINGLE_THREAD 1
#define USE_UNLOCKED_IO GNULIB_STDIO_SINGLE_THREAD
#define HAVE_C_VARARRAYS 1
#define HAVE_VASPRINTF 1
#define GNULIB_TEST_VASPRINTF 1
#define GNULIB_TEST_VASZPRINTF 1
#define HAVE_DECL_WCWIDTH 1
#define GNULIB_TEST_WCWIDTH 1
#define GNULIB_TEST_WRITE 1
#define GNULIB_XALLOC 1
#define GNULIB_XALLOC_DIE 1
#define HAVE_STDINT_H 1
#define GNULIB_TEST_PTHREAD_SIGMASK 1
#define HAVE_PTHREAD_ATFORK 1
#define HAVE_PWD_H 1
#define HAVE_UNSIGNED_LONG_LONG_INT 1
#define HAVE_PTRDIFF_T 1
#define HAVE_SELECT 1
#define ENDIANNESS 0
#define HAVE_ARPA_INET_H 1
#define HAVE_GETHOSTNAME 1
#define HAVE_GETHOSTBYNAME 1
#define HAVE_INET_NTOP 1
#define HAVE_IPV6 1
#define LIBXML_STATIC 1
#define PACKAGE_SUFFIX "-1.0"

configure: exit 0
=== File: ./wrt/build_dir/hostpkg/gettext-1.0/gettext-runtime/libasprintf/config.log ===
#define HAVE_PTHREAD_API 1
#define SETLOCALE_NULL_ALL_MTSAFE 1
#define SETLOCALE_NULL_ONE_MTSAFE 1
#define HAVE_LONG_LONG_INT 1
#define HAVE_UNSIGNED_LONG_LONG_INT 1
#define restrict __restrict__
#define HAVE_TOWLOWER 1
#define HAVE_MAP_ANONYMOUS 1
#define HAVE_DECL_FCLOSEALL 1
#define HAVE_DECL_GETW 1
#define HAVE_DECL_PUTW 1
#define HAVE_DECL_ECVT 1
#define HAVE_DECL_FCVT 1
#define HAVE_DECL_GCVT 1
#define _USE_STD_STAT 1
#define HAVE_ICONV 1
#define ICONV_CONST 
#define HAVE_LIBUNISTRING 1
#define HAVE_UNISTRING_WOE32DLL_H 1
#define HAVE_DECL_EXECVPE 1
#define HAVE_INTMAX_T 1
#define DBL_EXPBIT0_WORD 1
#define DBL_EXPBIT0_BIT 20
#define HAVE_WCSLEN 1
#define HAVE_SNPRINTF 1
#define HAVE_STRNLEN 1
#define HAVE_WCRTOMB 1
#define HAVE_DECL__SNPRINTF 0
#define HAVE_SNPRINTF_RETVAL_C99 1
#define HAVE_SNPRINTF_TRUNCATION_C99 1
#define HAVE_DECL_WCSDUP 1
#define HAVE_ALLOCA 1
#define GNULIB_TEST_C32ISALNUM 1
#define GNULIB_TEST_C32ISALPHA 1
#define GNULIB_TEST_C32ISBLANK 1
#define GNULIB_TEST_C32ISCNTRL 1
#define GNULIB_TEST_C32ISDIGIT 1
#define GNULIB_TEST_C32ISGRAPH 1
#define GNULIB_TEST_C32ISLOWER 1
#define GNULIB_TEST_C32ISPRINT 1
#define GNULIB_TEST_C32ISPUNCT 1
#define GNULIB_TEST_C32ISSPACE 1
#define GNULIB_TEST_C32ISUPPER 1
#define GNULIB_TEST_C32ISXDIGIT 1
#define GNULIB_TEST_C32TOLOWER 1
#define GNULIB_TEST_C32WIDTH 1
#define HAVE_FREE_POSIX 1
#define GNULIB_TEST_FREE_POSIX 1
#define HAVE_ISWBLANK 1
#define HAVE_DECL_ISWBLANK 1
#define GNULIB_TEST_ISWBLANK 1
#define GNULIB_TEST_ISWDIGIT 1
#define GNULIB_TEST_ISWPUNCT 1
#define GNULIB_TEST_ISWXDIGIT 1
#define GNULIB_TEST_LOCALECONV 1
#define GNULIB_LOCALECONV 1
#define MBRTOC32_IN_C_LOCALE_MAYBE_EILSEQ 1
#define GNULIB_TEST_MBRTOC32 1
#define MBRTOWC_IN_C_LOCALE_MAYBE_EILSEQ 1
#define GNULIB_TEST_MBRTOWC 1
#define GNULIB_TEST_MBSINIT 1
#define GNULIB_TEST_MBSNLEN 1
#define GNULIB_TEST_MBSZERO 1
#define GNULIB_TEST_MEMCHR 1
#define GNULIB_TEST_SETLOCALE_NULL 1
#define HAVE_STDINT_H 1
#define HAVE_VASPRINTF 1
#define GNULIB_TEST_FSCANF 1
#define GNULIB_FSCANF 1
#define GNULIB_TEST_SCANF 1
#define GNULIB_SCANF 1
#define GNULIB_TEST_FGETC 1
#define GNULIB_TEST_GETC 1
#define GNULIB_TEST_GETCHAR 1
#define GNULIB_TEST_FGETS 1
#define GNULIB_TEST_FREAD 1
#define GNULIB_TEST_FPRINTF 1
#define GNULIB_TEST_PRINTF 1
#define GNULIB_TEST_VFPRINTF 1
#define GNULIB_TEST_VPRINTF 1
#define GNULIB_TEST_FPUTC 1
#define GNULIB_TEST_PUTC 1
#define GNULIB_TEST_PUTCHAR 1
#define GNULIB_TEST_FPUTS 1
#define GNULIB_TEST_PUTS 1
#define GNULIB_TEST_FWRITE 1
#define HAVE_DECL_WCWIDTH 1
#define GNULIB_TEST_WCWIDTH 1
#define HAVE_STDINT_H 1
#define HAVE_SNPRINTF 1
#define HAVE_VASPRINTF 1
#define HAVE_STRNLEN 1
#define HAVE_WCSLEN 1
#define HAVE_WCSNLEN 1
#define HAVE_MBRTOWC 1
#define HAVE_WCRTOMB 1
#define HAVE_DECL__SNPRINTF 0
#define HAVE_POSIX_PRINTF 1

configure: exit 0
=== File: ./wrt/build_dir/hostpkg/gettext-1.0/gettext-runtime/intl/config.log ===
#define HAVE_DUPLOCALE 1
#define HAVE_FREELOCALE 1
#define GNULIB_TEST_GETLOCALENAME_L_UNSAFE 1
#define HAVE_ISNAND_IN_LIBC 1
#define HAVE_ISNANF_IN_LIBC 1
#define HAVE_ISNANL_IN_LIBC 1
#define HAVE_ISWBLANK 1
#define HAVE_DECL_ISWBLANK 1
#define GNULIB_TEST_ISWBLANK 1
#define GNULIB_TEST_ISWDIGIT 1
#define GNULIB_TEST_ISWPUNCT 1
#define GNULIB_TEST_ISWXDIGIT 1
#define HAVE_VISIBILITY 1
#define GNULIB_TEST_LOCALECONV 1
#define GNULIB_LOCALECONV 1
#define GNULIB_TEST_LOCALENAME_ENVIRON 1
#define GNULIB_TEST_LOCALENAME_UNSAFE 1
#define HAVE_PTHREAD_RWLOCK 1
#define HAVE_PTHREAD_MUTEX_RECURSIVE 1
#define GNULIB_LOCK 1
#define MBRTOC32_IN_C_LOCALE_MAYBE_EILSEQ 1
#define GNULIB_TEST_MBRTOC32 1
#define MBRTOWC_IN_C_LOCALE_MAYBE_EILSEQ 1
#define GNULIB_TEST_MBRTOWC 1
#define GNULIB_TEST_MBSINIT 1
#define GNULIB_TEST_MBSNLEN 1
#define GNULIB_TEST_MBSZERO 1
#define GNULIB_TEST_MEMCHR 1
#define HAVE_FREXP_IN_LIBC 1
#define HAVE_LDEXP_IN_LIBC 1
#define HAVE_FREXPL_IN_LIBC 1
#define HAVE_LDEXPL_IN_LIBC 1
#define GNULIB_TEST_PTHREAD_ONCE 1
#define GNULIB_TEST_SETLOCALE_NULL 1
#define GNULIB_TEST_SIGNBIT 1
#define HAVE_STDINT_H 1
#define HAVE_VASPRINTF 1
#define GNULIB_TEST_FSCANF 1
#define GNULIB_FSCANF 1
#define GNULIB_TEST_SCANF 1
#define GNULIB_SCANF 1
#define GNULIB_TEST_FGETC 1
#define GNULIB_TEST_GETC 1
#define GNULIB_TEST_GETCHAR 1
#define GNULIB_TEST_FGETS 1
#define GNULIB_TEST_FREAD 1
#define GNULIB_TEST_FPRINTF 1
#define GNULIB_TEST_PRINTF 1
#define GNULIB_TEST_VFPRINTF 1
#define GNULIB_TEST_VPRINTF 1
#define GNULIB_TEST_FPUTC 1
#define GNULIB_TEST_PUTC 1
#define GNULIB_TEST_PUTCHAR 1
#define GNULIB_TEST_FPUTS 1
#define GNULIB_TEST_PUTS 1
#define GNULIB_TEST_FWRITE 1
#define GNULIB_TEST_STRNCPY 1
#define HAVE_SYS_SINGLE_THREADED_H 1
#define HAVE_TSEARCH 1
#define HAVE_TWALK 1
#define HAVE_TDESTROY 1
#define GNULIB_TEST_TSEARCH 1
#define HAVE_DECL_WCWIDTH 1
#define GNULIB_TEST_WCWIDTH 1
#define GNULIB_TEST_WGETCWD 1
#define GNULIB_TEST_WMEMCPY 1
#define GNULIB_TEST_WMEMSET 1
#define HAVE_STDINT_H 1
#define HAVE_ALLOCA_H 1
#define HAVE_ALLOCA 1
#define HAVE_MMAP 1
#define HAVE_PTHREAD_RWLOCK 1
#define HAVE_PTHREAD_MUTEX_RECURSIVE 1
#define HAVE_BUILTIN_EXPECT 1
#define HAVE_INTTYPES_H 1
#define HAVE_UNISTD_H 1
#define HAVE_SYS_PARAM_H 1
#define HAVE_GETCWD 1
#define HAVE_GETEGID 1
#define HAVE_GETEUID 1
#define HAVE_GETGID 1
#define HAVE_GETUID 1
#define HAVE_MEMPCPY 1
#define HAVE_MUNMAP 1
#define HAVE_STPCPY 1
#define HAVE_STRCASECMP 1
#define HAVE_USELOCALE 1
#define HAVE___FSETLOCKING 1
#define HAVE_DECL_FEOF_UNLOCKED 1
#define HAVE_DECL_FGETS_UNLOCKED 1
#define HAVE_POSIX_PRINTF 1
#define HAVE_FEATURES_H 1
#define HAVE_DECL__SNPRINTF 0
#define HAVE_DECL__SNWPRINTF 0
#define rpl_mbrtowc _libintl_mbrtowc
#define rpl_newlocale libintl_newlocale
#define rpl_duplocale libintl_duplocale
#define rpl_freelocale libintl_freelocale

configure: exit 0
=== File: ./wrt/build_dir/hostpkg/gettext-1.0/gettext-runtime/config.log ===
#define GNULIB_TEST_MBSINIT 1
#define GNULIB_TEST_MBSLEN 1
#define GNULIB_TEST_MBSNLEN 1
#define GNULIB_TEST_MBSSTR 1
#define GNULIB_TEST_MBSZERO 1
#define GNULIB_TEST_MEMCHR 1
#define HAVE_MEMMEM 1
#define GNULIB_TEST_MEMMEM 1
#define HAVE_MEMMOVE 1
#define HAVE_MEMPCPY 1
#define GNULIB_TEST_MEMPCPY 1
#define HAVE_MEMRCHR 1
#define GNULIB_TEST_MEMRCHR 1
#define GNULIB_MSVC_NOTHROW 1
#define GNULIB_TEST_OPEN 1
#define HAVE_FREXP_IN_LIBC 1
#define HAVE_LDEXP_IN_LIBC 1
#define HAVE_FREXPL_IN_LIBC 1
#define HAVE_LDEXPL_IN_LIBC 1
#define HAVE_DECL_PROGRAM_INVOCATION_NAME 1
#define HAVE_DECL_PROGRAM_INVOCATION_SHORT_NAME 1
#define GNULIB_TEST_PTHREAD_ONCE 1
#define HAVE_RAISE 1
#define GNULIB_TEST_RAISE 1
#define HAVE_RAWMEMCHR 1
#define GNULIB_TEST_RAWMEMCHR 1
#define GNULIB_TEST_READLINK 1
#define HAVE_REALLOC_POSIX 1
#define GNULIB_TEST_REALLOC_POSIX 1
#define HAVE_REALLOCARRAY 1
#define GNULIB_REALLOCARRAY 1
#define GNULIB_TEST_REALLOCARRAY 1
#define HAVE_FACCESSAT 1
#define HAVE_GETCWD 1
#define HAVE_REALLOC_POSIX 1
#define HAVE_FREE_POSIX 1
#define HAVE_MEMPCPY 1
#define HAVE_RAWMEMCHR 1
#define HAVE_SEARCH_H 1
#define HAVE_TSEARCH 1
#define NEED_SETLOCALE_IMPROVED 0
#define NEED_SETLOCALE_MTSAFE 0
#define GNULIB_TEST_SETLOCALE 1
#define GNULIB_TEST_SETLOCALE_NULL 1
#define GNULIB_TEST_SIGNBIT 1
#define GNULIB_SIGPIPE 1
#define GNULIB_TEST_SIGPROCMASK 1
#define HAVE_STDINT_H 1
#define GNULIB_TEST_STAT 1
#define GNULIB_STAT 1
#define HAVE_STRUCT_STAT_ST_ATIM_TV_NSEC 1
#define TYPEOF_STRUCT_STAT_ST_ATIM_IS_STRUCT_TIMESPEC 1
#define HAVE_VASPRINTF 1
#define GNULIB_TEST_FSCANF 1
#define GNULIB_FSCANF 1
#define GNULIB_TEST_SCANF 1
#define GNULIB_SCANF 1
#define GNULIB_TEST_FGETC 1
#define GNULIB_TEST_GETC 1
#define GNULIB_TEST_GETCHAR 1
#define GNULIB_TEST_FGETS 1
#define GNULIB_TEST_FREAD 1
#define GNULIB_TEST_FPRINTF 1
#define GNULIB_TEST_PRINTF 1
#define GNULIB_TEST_VFPRINTF 1
#define GNULIB_TEST_VPRINTF 1
#define GNULIB_TEST_FPUTC 1
#define GNULIB_TEST_PUTC 1
#define GNULIB_TEST_PUTCHAR 1
#define GNULIB_TEST_FPUTS 1
#define GNULIB_TEST_PUTS 1
#define GNULIB_TEST_FWRITE 1
#define GNULIB_STRERROR 1
#define GNULIB_TEST_STRERROR 1
#define GNULIB_TEST_STRNCPY 1
#define GNULIB_TEST_STRNLEN 1
#define GNULIB_TEST_STRTOD 1
#define GNULIB_TEST_STRTOLD 1
#define HAVE_STRTOLL 1
#define GNULIB_TEST_STRTOLL 1
#define HAVE_STRTOUL 1
#define GNULIB_TEST_STRTOUL 1
#define HAVE_STRTOULL 1
#define GNULIB_TEST_STRTOULL 1
#define HAVE_SYS_SINGLE_THREADED_H 1
#define GNULIB_UNISTR_U8_MBTOUCR 1
#define GNULIB_UNISTR_U8_UCTOMB 1
#define GNULIB_STDIO_SINGLE_THREAD 1
#define USE_UNLOCKED_IO GNULIB_STDIO_SINGLE_THREAD
#define HAVE_C_VARARRAYS 1
#define GNULIB_TEST_VSNZPRINTF 1
#define HAVE_DECL_WCWIDTH 1
#define GNULIB_TEST_WCWIDTH 1
#define GNULIB_TEST_WRITE 1
#define GNULIB_XALLOC 1
#define GNULIB_XALLOC_DIE 1
#define HAVE_STDINT_H 1
#define GNULIB_XSTRING_BUFFER 1

configure: exit 0
=== File: ./wrt/build_dir/hostpkg/gettext-1.0/config.log ===
DEFS='-DPACKAGE_NAME=\"gettext\" -DPACKAGE_TARNAME=\"gettext\" -DPACKAGE_VERSION=\"package\" -DPACKAGE_STRING=\"gettext\ package\" -DPACKAGE_BUGREPORT=\"bug-gettext@gnu.org\" -DPACKAGE_URL=\"\" -DPACKAGE_VERSION=\"1.0\" -DPACKAGE_STRING=\"gettext\ 1.0\" -DPACKAGE=\"gettext\" -DVERSION=\"1.0\"'
DFLAGS=''
ECHO_C=''
ECHO_N='-n'
ECHO_T=''
EMACS='no'
EMACSLOADPATH=''
ETAGS='etags'
INSTALL_DATA='${INSTALL} -m 644'
INSTALL_PROGRAM='${INSTALL}'
INSTALL_SCRIPT='${INSTALL}'
INSTALL_STRIP_PROGRAM='$(install_sh) -c -s'
LDFLAGS='-L/mnt/build_wrt/staging_dir/host/lib -L/mnt/build_wrt/staging_dir/hostpkg/lib -L/mnt/build_wrt/staging_dir/target-aarch64_cortex-a53_musl/host/lib'
LIBOBJS=''
LIBS=''
LTLIBOBJS=''
LT_SYS_LIBRARY_PATH=''
M2C=''
M2FLAGS=''
MAKEINFO='${SHELL} '\''/mnt/build_wrt/build_dir/hostpkg/gettext-1.0/build-aux/missing'\'' makeinfo'
MKDIR_P='/usr/bin/mkdir -p'
OBJC=''
OBJCFLAGS=''
PACKAGE='gettext'
PACKAGE_BUGREPORT='bug-gettext@gnu.org'
PACKAGE_NAME='gettext'
PACKAGE_STRING='gettext 1.0'
PACKAGE_TARNAME='gettext'
PACKAGE_URL=''
PACKAGE_VERSION='1.0'
PATH_SEPARATOR=':'
SET_MAKE=''
SHELL='/usr/bin/env bash'
STRIP=''
VERSION='1.0'
YACC=''
YFLAGS=''
am__isrc=''
am__leading_dot='.'
am__rm_f_notfound=''
am__tar='{ find "$$tardir" -type d | LC_ALL=C sort; find "$$tardir" ! -type d -printf "%f\\t%p\\n" | LC_ALL=C sort | LC_ALL=C cut -f2; } | ${AMTAR} chf - --no-recursion --files-from=- --format=ustar --owner=root --group=root'
am__untar='tar -xf -'
am__xargs_n='xargs -n'
bindir='${exec_prefix}/bin'
build='x86_64-pc-linux-gnu'
build_alias='x86_64-pc-linux-gnu'
build_cpu='x86_64'
build_os='linux-gnu'
build_vendor='pc'
datadir='${datarootdir}'
datarootdir='${prefix}/share'
docdir='${datarootdir}/doc/${PACKAGE_TARNAME}'
dvidir='${docdir}'
exec_prefix='/mnt/build_wrt/staging_dir/hostpkg'
host='x86_64-pc-linux-gnu'
host_alias='x86_64-pc-linux-gnu'
host_cpu='x86_64'
host_os='linux-gnu'
host_vendor='pc'
htmldir='${docdir}'
includedir='${prefix}/include'
infodir='${datarootdir}/info'
install_sh='${SHELL} /mnt/build_wrt/build_dir/hostpkg/gettext-1.0/build-aux/install-sh'
libdir='${exec_prefix}/lib'
libexecdir='${exec_prefix}/libexec'
localedir='${datarootdir}/locale'
localstatedir='/mnt/build_wrt/staging_dir/hostpkg/var'
mandir='${datarootdir}/man'
mkdir_p='$(MKDIR_P)'
oldincludedir='/usr/include'
pdfdir='${docdir}'
prefix='/mnt/build_wrt/staging_dir/hostpkg'
program_transform_name='s&$$&&;s&^&&'
psdir='${docdir}'
runstatedir='${localstatedir}/run'
sbindir='/mnt/build_wrt/staging_dir/hostpkg/bin'
sharedstatedir='${prefix}/com'
subdirs=' gettext-runtime libtextstyle gettext-tools'
sysconfdir='/mnt/build_wrt/staging_dir/hostpkg/etc'
target_alias='x86_64-pc-linux-gnu'

## ----------- ##
## confdefs.h. ##
## ----------- ##

/* confdefs.h */
#define PACKAGE_NAME "gettext"
#define PACKAGE_TARNAME "gettext"
#define PACKAGE_VERSION "package"
#define PACKAGE_STRING "gettext package"
#define PACKAGE_BUGREPORT "bug-gettext@gnu.org"
#define PACKAGE_URL ""
#undef PACKAGE_VERSION
#define PACKAGE_VERSION "1.0"
#undef PACKAGE_STRING
#define PACKAGE_STRING "gettext 1.0"
#define PACKAGE "gettext"
#define VERSION "1.0"

configure: exit 0
=== File: ./wrt/build_dir/hostpkg/gettext-1.0/libtextstyle/config.log ===
#define HAVE_TIME_H 1
#define HAVE_UNISTD_H 1
#define HAVE_ARPA_NAMESER_H 1
#define HAVE_RESOLV_H 1
#define HAVE_GETADDRINFO 1
#define HAVE_LOCALTIME 1
#define HAVE_STAT 1
#define HAVE_STRFTIME 1
#define VA_COPY va_copy
#define GNULIB_TEST_LOCALECONV 1
#define GNULIB_LOCALECONV 1
#define HAVE_PTHREAD_RWLOCK 1
#define HAVE_PTHREAD_MUTEX_RECURSIVE 1
#define GNULIB_LOCK 1
#define GNULIB_TEST_LOG10 1
#define GNULIB_TEST_LSTAT 1
#define GNULIB_LSTAT 1
#define GNULIB_TEST_MALLOC_GNU 1
#define GNULIB_TEST_MALLOC_POSIX 1
#define MBRTOC32_IN_C_LOCALE_MAYBE_EILSEQ 1
#define GNULIB_TEST_MBRTOC32 1
#define MBRTOWC_IN_C_LOCALE_MAYBE_EILSEQ 1
#define GNULIB_TEST_MBRTOWC 1
#define GNULIB_TEST_MBSINIT 1
#define GNULIB_TEST_MBSNLEN 1
#define GNULIB_TEST_MBSZERO 1
#define GNULIB_TEST_MEMCHR 1
#define GNULIB_MSVC_NOTHROW 1
#define GNULIB_TEST_OPEN 1
#define HAVE_FREXP_IN_LIBC 1
#define HAVE_LDEXP_IN_LIBC 1
#define HAVE_FREXPL_IN_LIBC 1
#define HAVE_LDEXPL_IN_LIBC 1
#define GNULIB_TEST_PTHREAD_ONCE 1
#define HAVE_RAISE 1
#define GNULIB_TEST_RAISE 1
#define GNULIB_TEST_READ 1
#define HAVE_REALLOC_POSIX 1
#define GNULIB_TEST_REALLOC_POSIX 1
#define HAVE_REALLOCARRAY 1
#define GNULIB_REALLOCARRAY 1
#define GNULIB_TEST_REALLOCARRAY 1
#define GNULIB_TEST_SETLOCALE_NULL 1
#define HAVE_STRUCT_SIGACTION_SA_SIGACTION 1
#define GNULIB_TEST_SIGACTION 1
#define GNULIB_TEST_SIGNBIT 1
#define GNULIB_TEST_SIGPROCMASK 1
#define HAVE_STDINT_H 1
#define HAVE_SNPRINTF 1
#define GNULIB_TEST_SNPRINTF 1
#define GNULIB_SNPRINTF 1
#define GNULIB_TEST_STAT 1
#define GNULIB_STAT 1
#define HAVE_STRUCT_STAT_ST_ATIM_TV_NSEC 1
#define TYPEOF_STRUCT_STAT_ST_ATIM_IS_STRUCT_TIMESPEC 1
#define HAVE_VASPRINTF 1
#define GNULIB_TEST_FSCANF 1
#define GNULIB_FSCANF 1
#define GNULIB_TEST_SCANF 1
#define GNULIB_SCANF 1
#define GNULIB_TEST_FGETC 1
#define GNULIB_TEST_GETC 1
#define GNULIB_TEST_GETCHAR 1
#define GNULIB_TEST_FGETS 1
#define GNULIB_TEST_FREAD 1
#define GNULIB_TEST_FPRINTF 1
#define GNULIB_TEST_PRINTF 1
#define GNULIB_TEST_VFPRINTF 1
#define GNULIB_TEST_VPRINTF 1
#define GNULIB_TEST_FPUTC 1
#define GNULIB_TEST_PUTC 1
#define GNULIB_TEST_PUTCHAR 1
#define GNULIB_TEST_FPUTS 1
#define GNULIB_TEST_PUTS 1
#define GNULIB_TEST_FWRITE 1
#define HAVE_STPCPY 1
#define GNULIB_TEST_STPCPY 1
#define GNULIB_TEST_STR_ENDSWITH 1
#define GNULIB_TEST_STR_STARTSWITH 1
#define GNULIB_STRERROR 1
#define GNULIB_TEST_STRERROR 1
#define GNULIB_TEST_STRNCPY 1
#define HAVE_TCGETATTR 1
#define HAVE_SYS_SINGLE_THREADED_H 1
#define GNULIB_UNISTR_U8_MBTOUC 1
#define HAVE_C_VARARRAYS 1
#define HAVE_VASPRINTF 1
#define GNULIB_TEST_VASPRINTF 1
#define GNULIB_TEST_VASZPRINTF 1
#define HAVE_VSNPRINTF 1
#define GNULIB_TEST_VSNPRINTF 1
#define GNULIB_TEST_VSNZPRINTF 1
#define HAVE_DECL_WCWIDTH 1
#define GNULIB_TEST_WCWIDTH 1
#define GNULIB_TEST_WRITE 1
#define GNULIB_XALLOC 1
#define GNULIB_XALLOC_DIE 1
#define HAVE_STDINT_H 1

configure: exit 0
=== File: ./wrt/build_dir/hostpkg/go-1.27.0/src/cmd/go/internal/modindex/testdata/ignore_non_source/baz.log ===
=== File: ./wrt/build_dir/hostpkg/rpcsvc-proto-1.4.4/config.log ===
OBJEXT='o'
PACKAGE='rpcsvc-proto'
PACKAGE_BUGREPORT='kukuk@thkukuk.de'
PACKAGE_NAME='rpcsvc-proto'
PACKAGE_STRING='rpcsvc-proto 1.4.4'
PACKAGE_TARNAME='rpcsvc-proto'
PACKAGE_URL=''
PACKAGE_VERSION='1.4.4'
PATH_SEPARATOR=':'
POSUB='po'
SED='/mnt/build_wrt/staging_dir/host/bin/sed'
SET_MAKE=''
SHELL='/usr/bin/env bash'
STRIP=''
USE_NLS='yes'
VERSION='1.4.4'
XGETTEXT='/mnt/build_wrt/staging_dir/hostpkg/bin/xgettext'
XGETTEXT_015='/mnt/build_wrt/staging_dir/hostpkg/bin/xgettext'
XGETTEXT_EXTRA_OPTIONS=''
ac_ct_CC=''
am__EXEEXT_FALSE=''
am__EXEEXT_TRUE='#'
am__fastdepCC_FALSE=''
am__fastdepCC_TRUE='#'
am__include='include'
am__isrc=''
am__leading_dot='.'
am__nodep=''
am__quote=''
am__tar='$${TAR-tar} chof - "$$tardir"'
am__untar='$${TAR-tar} xf -'
bindir='${exec_prefix}/bin'
build='x86_64-pc-linux-gnu'
build_alias='x86_64-pc-linux-gnu'
build_cpu='x86_64'
build_os='linux-gnu'
build_vendor='pc'
datadir='${datarootdir}'
datarootdir='${prefix}/share'
docdir='${datarootdir}/doc/${PACKAGE_TARNAME}'
dvidir='${docdir}'
exec_prefix='/mnt/build_wrt/staging_dir/hostpkg'
host='x86_64-pc-linux-gnu'
host_alias='x86_64-pc-linux-gnu'
host_cpu='x86_64'
host_os='linux-gnu'
host_vendor='pc'
htmldir='${docdir}'
includedir='${prefix}/include'
infodir='${datarootdir}/info'
install_sh='${SHELL} /mnt/build_wrt/build_dir/hostpkg/rpcsvc-proto-1.4.4/install-sh'
libdir='${exec_prefix}/lib'
libexecdir='${exec_prefix}/libexec'
localedir='${datarootdir}/locale'
localstatedir='/mnt/build_wrt/staging_dir/hostpkg/var'
mandir='${datarootdir}/man'
mkdir_p='$(MKDIR_P)'
oldincludedir='/usr/include'
pdfdir='${docdir}'
prefix='/mnt/build_wrt/staging_dir/hostpkg'
program_transform_name='s&$$&&;s&^&&'
psdir='${docdir}'
sbindir='/mnt/build_wrt/staging_dir/hostpkg/bin'
sharedstatedir='${prefix}/com'
sysconfdir='/mnt/build_wrt/staging_dir/hostpkg/etc'
target_alias='x86_64-pc-linux-gnu'

## ----------- ##
## confdefs.h. ##
## ----------- ##

/* confdefs.h */
#define PACKAGE_NAME "rpcsvc-proto"
#define PACKAGE_TARNAME "rpcsvc-proto"
#define PACKAGE_VERSION "1.4.4"
#define PACKAGE_STRING "rpcsvc-proto 1.4.4"
#define PACKAGE_BUGREPORT "kukuk@thkukuk.de"
#define PACKAGE_URL ""
#define PACKAGE "rpcsvc-proto"
#define VERSION "1.4.4"
#define STDC_HEADERS 1
#define HAVE_SYS_TYPES_H 1
#define HAVE_SYS_STAT_H 1
#define HAVE_STDLIB_H 1
#define HAVE_STRING_H 1
#define HAVE_MEMORY_H 1
#define HAVE_STRINGS_H 1
#define HAVE_INTTYPES_H 1
#define HAVE_STDINT_H 1
#define HAVE_UNISTD_H 1
#define __EXTENSIONS__ 1
#define _ALL_SOURCE 1
#define _GNU_SOURCE 1
#define _POSIX_PTHREAD_SEMANTICS 1
#define _TANDEM_SOURCE 1
#define ENABLE_NLS 1
#define HAVE_GETTEXT 1
#define HAVE_DCGETTEXT 1

configure: exit 0
=== File: ./wrt/build_dir/hostpkg/libunistring-1.4.2/config.log ===
#define HAVE_NEWLOCALE 1
#define GNULIB_TEST_LSTAT 1
#define GNULIB_LSTAT IN_LIBUNISTRING_GNULIB_TESTS
#define GNULIB_TEST_MALLOC_GNU 1
#define HAVE_MBTOWC 1
#define GNULIB_TEST_MBTOWC 1
#define HAVE_MKFIFO 1
#define GNULIB_TEST_MKFIFO 1
#define GNULIB_MSVC_NOTHROW IN_LIBUNISTRING_GNULIB_TESTS
#define HAVE_BUG_BIG_NANOSLEEP 1
#define GNULIB_TEST_NANOSLEEP 1
#define GNULIB_TEST_OPEN 1
#define GNULIB_TEST_PERROR 1
#define GNULIB_TEST_PIPE 1
#define GNULIB_TEST_PSELECT 1
#define GNULIB_TEST_PTHREAD_COND 1
#define GNULIB_TEST_PTHREAD_MUTEX 1
#define PTHREAD_RWLOCK_BAD_WAITQUEUE 1
#define GNULIB_TEST_PTHREAD_RWLOCK 1
#define GNULIB_TEST_PTHREAD_THREAD 1
#define GNULIB_TEST_PTHREAD_MUTEX_TIMEDLOCK 1
#define GNULIB_TEST_PTHREAD_SIGMASK 1
#define GNULIB_TEST_PUTENV 1
#define HAVE_RAISE 1
#define GNULIB_TEST_RAISE 1
#define HAVE_INITSTATE 1
#define HAVE_SETSTATE 1
#define GNULIB_TEST_RANDOM 1
#define HAVE_STRUCT_RANDOM_DATA 1
#define HAVE_RANDOM_R 1
#define GNULIB_TEST_RANDOM_R 1
#define HAVE_REALLOC_POSIX 1
#define GNULIB_TEST_REALLOC_POSIX 1
#define HAVE_REALLOCARRAY 1
#define GNULIB_REALLOCARRAY IN_LIBUNISTRING_GNULIB_TESTS
#define GNULIB_TEST_REALLOCARRAY 1
#define GNULIB_TEST_SCHED_YIELD 1
#define GNULIB_TEST_SELECT 1
#define GNULIB_SELECT IN_LIBUNISTRING_GNULIB_TESTS
#define GNULIB_TEST_SETENV 1
#define NEED_SETLOCALE_IMPROVED 0
#define NEED_SETLOCALE_MTSAFE 0
#define GNULIB_TEST_SETLOCALE 1
#define GNULIB_TEST_SETSOCKOPT 1
#define GNULIB_SETSOCKOPT IN_LIBUNISTRING_GNULIB_TESTS
#define GNULIB_TEST_SIGPROCMASK 1
#define HAVE_DECL_SLEEP 1
#define GNULIB_TEST_SLEEP 1
#define GNULIB_TEST_SOCKET 1
#define GNULIB_SOCKET IN_LIBUNISTRING_GNULIB_TESTS
#define GNULIB_TEST_STAT 1
#define GNULIB_STAT IN_LIBUNISTRING_GNULIB_TESTS
#define HAVE_STRUCT_STAT_ST_ATIM_TV_NSEC 1
#define TYPEOF_STRUCT_STAT_ST_ATIM_IS_STRUCT_TIMESPEC 1
#define GNULIB_TEST_FSCANF 1
#define GNULIB_FSCANF IN_LIBUNISTRING_GNULIB_TESTS
#define GNULIB_TEST_SCANF 1
#define GNULIB_SCANF IN_LIBUNISTRING_GNULIB_TESTS
#define GNULIB_TEST_FGETC 1
#define GNULIB_TEST_GETC 1
#define GNULIB_TEST_GETCHAR 1
#define GNULIB_TEST_FGETS 1
#define GNULIB_TEST_FREAD 1
#define GNULIB_TEST_FPRINTF 1
#define GNULIB_TEST_PRINTF 1
#define GNULIB_TEST_VFPRINTF 1
#define GNULIB_TEST_VPRINTF 1
#define GNULIB_TEST_FPUTC 1
#define GNULIB_TEST_PUTC 1
#define GNULIB_TEST_PUTCHAR 1
#define GNULIB_TEST_FPUTS 1
#define GNULIB_TEST_PUTS 1
#define GNULIB_TEST_FWRITE 1
#define HAVE_VASPRINTF 1
#define HAVE_STPCPY 1
#define GNULIB_TEST_STPCPY 1
#define GNULIB_TEST_STR_ENDSWITH 1
#define GNULIB_TEST_STR_STARTSWITH 1
#define GNULIB_STRERROR IN_LIBUNISTRING_GNULIB_TESTS
#define GNULIB_TEST_STRERROR 1
#define HAVE_CATGETS 1
#define GNULIB_TEST_STRERROR_R 1
#define GNULIB_STRERROR_R_POSIX IN_LIBUNISTRING_GNULIB_TESTS
#define GNULIB_TEST_SYMLINK 1
#define HAVE_IPV4 1
#define HAVE_IPV6 1
#define HAVE_UNIXSOCKET 1
#define HAVE_PTHREAD_ATFORK 1
#define GNULIB_TEST_TIME 1
#define HAVE_UNSETENV 1
#define GNULIB_TEST_UNSETENV 1
#define GNULIB_TEST_USLEEP 1
#define HAVE_C_VARARRAYS 1
#define GNULIB_TEST_WCRTOMB 1
#define GNULIB_TEST_WCTOB 1
#define GNULIB_TEST_WCTOMB 1
#define GNULIB_XALLOC IN_LIBUNISTRING_GNULIB_TESTS
#define GNULIB_XALLOC_DIE IN_LIBUNISTRING_GNULIB_TESTS

configure: exit 0
