Build Failure Diagnostic Report - 2026-09-18_18-14-13
Target Config: JDC-ATHENA
Commit SHA: 05d8d1a5e3edbbb5a832c78992391e0a1f79a299
=========================================================
--- 🚨 CRITICAL ERROR SUMMARY (罪魁祸首摘要表) 🚨 ---
    WARNING: Image file /mnt/build_wrt/build_dir/target-aarch64_cortex-a53_musl/linux-qualcommax_ipq60xx/jdcloud_re-cs-02-uImage.itb is too big: 6378592 > 6291456
/mnt/build_wrt/build_dir/target-aarch64_cortex-a53_musl/linux-qualcommax_ipq60xx/target-dir-c4e4fd53/etc/init.d/gecoosac: line 3: /lib/functions.sh: No such file or directory
/mnt/build_wrt/build_dir/target-aarch64_cortex-a53_musl/linux-qualcommax_ipq60xx/target-dir-c4e4fd53/etc/init.d/gecoosac: line 4: /lib/functions/procd.sh: No such file or directory
/mnt/build_wrt/build_dir/target-aarch64_cortex-a53_musl/linux-qualcommax_ipq60xx/target-dir-c4e4fd53/etc/init.d/gecoosac: line 5: /usr/share/gecoosac/runtime.sh: No such file or directory
/mnt/build_wrt/build_dir/target-aarch64_cortex-a53_musl/linux-qualcommax_ipq60xx/target-dir-c4e4fd53/usr/share/openclash/uci.sh: line 2: /lib/functions.sh: No such file or directory
/mnt/build_wrt/build_dir/target-aarch64_cortex-a53_musl/linux-qualcommax_ipq60xx/target-dir-c4e4fd53/usr/share/openclash/uci.sh: line 2: /lib/functions.sh: No such file or directory
/mnt/build_wrt/build_dir/target-aarch64_cortex-a53_musl/linux-qualcommax_ipq60xx/target-dir-c4e4fd53/usr/share/openclash/openclash_curl.sh: line 2: /usr/share/openclash/log.sh: No such file or directory
/mnt/build_wrt/build_dir/target-aarch64_cortex-a53_musl/linux-qualcommax_ipq60xx/target-dir-c4e4fd53/usr/share/openclash/openclash_curl.sh: line 3: /usr/share/openclash/openclash_etag.sh: No such file or directory
/mnt/build_wrt/build_dir/target-aarch64_cortex-a53_musl/linux-qualcommax_ipq60xx/target-dir-c4e4fd53/usr/share/passwall/utils.sh: line 32: /lib/functions/network.sh: No such file or directory
/mnt/build_wrt/build_dir/target-aarch64_cortex-a53_musl/linux-qualcommax_ipq60xx/target-dir-c4e4fd53/etc/init.d/wolultra: line 3: /lib/functions.sh: No such file or directory
./etc/init.d/gecoosac: line 3: /lib/functions.sh: No such file or directory
./etc/init.d/gecoosac: line 4: /lib/functions/procd.sh: No such file or directory
./etc/init.d/gecoosac: line 5: /usr/share/gecoosac/runtime.sh: No such file or directory
/mnt/build_wrt/build_dir/target-aarch64_cortex-a53_musl/linux-qualcommax_ipq60xx/target-dir-c4e4fd53/usr/share/openclash/uci.sh: line 2: /lib/functions.sh: No such file or directory
/mnt/build_wrt/build_dir/target-aarch64_cortex-a53_musl/linux-qualcommax_ipq60xx/target-dir-c4e4fd53/usr/share/openclash/uci.sh: line 2: /lib/functions.sh: No such file or directory
/mnt/build_wrt/build_dir/target-aarch64_cortex-a53_musl/linux-qualcommax_ipq60xx/target-dir-c4e4fd53/usr/share/openclash/openclash_curl.sh: line 2: /usr/share/openclash/log.sh: No such file or directory
/mnt/build_wrt/build_dir/target-aarch64_cortex-a53_musl/linux-qualcommax_ipq60xx/target-dir-c4e4fd53/usr/share/openclash/openclash_curl.sh: line 3: /usr/share/openclash/openclash_etag.sh: No such file or directory
/mnt/build_wrt/build_dir/target-aarch64_cortex-a53_musl/linux-qualcommax_ipq60xx/target-dir-c4e4fd53/usr/share/passwall/utils.sh: line 32: /lib/functions/network.sh: No such file or directory
./etc/init.d/wolultra: line 3: /lib/functions.sh: No such file or directory
make[5]: *** [Makefile:42: /mnt/build_wrt/build_dir/target-aarch64_cortex-a53_musl/linux-qualcommax_ipq60xx/tmp/immortalwrt-qualcommax-ipq60xx-jdcloud_re-cs-02-squashfs-sysupgrade.bin] Error 1
make[4]: *** [Makefile:38: install] Error 2
make[3]: *** [Makefile:12: install] Error 2
make[2]: *** [target/Makefile:32: target/linux/install] Error 1
make[1]: *** [target/Makefile:26: /mnt/build_wrt/staging_dir/target-aarch64_cortex-a53_musl/stamp/.target_install] Error 2
make: *** [/mnt/build_wrt/include/toplevel.mk:233: world] Error 2
=========================================================

--- VERBOSE BUILD OUTPUT (LAST 500 LINES) ---
add alternative: /sbin/ip -> /usr/libexec/ip-full
add alternative: /usr/sbin/ip6tables -> xtables-nft-multi
add alternative: /usr/sbin/ip6tables-restore -> xtables-nft-multi
add alternative: /usr/sbin/ip6tables-save -> xtables-nft-multi
add alternative: /usr/sbin/ip6tables-nft -> xtables-nft-multi
add alternative: /usr/sbin/ip6tables-nft-restore -> xtables-nft-multi
add alternative: /usr/sbin/ip6tables-nft-save -> xtables-nft-multi
add alternative: /usr/sbin/ip6tables-restore-translate -> xtables-nft-multi
add alternative: /usr/sbin/ip6tables-translate -> xtables-nft-multi
add alternative: /usr/sbin/iptables -> xtables-nft-multi
add alternative: /usr/sbin/iptables-restore -> xtables-nft-multi
add alternative: /usr/sbin/iptables-save -> xtables-nft-multi
add alternative: /usr/sbin/iptables-nft -> xtables-nft-multi
add alternative: /usr/sbin/iptables-nft-restore -> xtables-nft-multi
add alternative: /usr/sbin/iptables-nft-save -> xtables-nft-multi
add alternative: /usr/sbin/iptables-restore-translate -> xtables-nft-multi
add alternative: /usr/sbin/iptables-translate -> xtables-nft-multi
add alternative: /sbin/logread -> /usr/libexec/logread-ubox
/mnt/build_wrt/build_dir/target-aarch64_cortex-a53_musl/root-qualcommax/etc/init.d/gecoosac: line 3: /lib/functions.sh: No such file or directory
/mnt/build_wrt/build_dir/target-aarch64_cortex-a53_musl/root-qualcommax/etc/init.d/gecoosac: line 4: /lib/functions/procd.sh: No such file or directory
/mnt/build_wrt/build_dir/target-aarch64_cortex-a53_musl/root-qualcommax/etc/init.d/gecoosac: line 5: /usr/share/gecoosac/runtime.sh: No such file or directory
/mnt/build_wrt/build_dir/target-aarch64_cortex-a53_musl/root-qualcommax/etc/init.d/homeproxy: line 25: uci: command not found
/mnt/build_wrt/build_dir/target-aarch64_cortex-a53_musl/root-qualcommax/usr/share/openclash/uci.sh: line 2: /lib/functions.sh: No such file or directory
/mnt/build_wrt/build_dir/target-aarch64_cortex-a53_musl/root-qualcommax/usr/share/openclash/uci.sh: line 2: /lib/functions.sh: No such file or directory
/mnt/build_wrt/build_dir/target-aarch64_cortex-a53_musl/root-qualcommax/usr/share/openclash/openclash_curl.sh: line 2: /usr/share/openclash/log.sh: No such file or directory
/mnt/build_wrt/build_dir/target-aarch64_cortex-a53_musl/root-qualcommax/usr/share/openclash/openclash_curl.sh: line 3: /usr/share/openclash/openclash_etag.sh: No such file or directory
/mnt/build_wrt/build_dir/target-aarch64_cortex-a53_musl/root-qualcommax/usr/share/passwall/utils.sh: line 32: /lib/functions/network.sh: No such file or directory
/mnt/build_wrt/build_dir/target-aarch64_cortex-a53_musl/root-qualcommax/etc/init.d/wolultra: line 3: /lib/functions.sh: No such file or directory
add alternative: /usr/bin/mihomo -> /usr/libexec/mihomo
add alternative: /usr/bin/ssh-keygen -> /usr/libexec/ssh-keygen-openssh
add alternative: /sbin/rmmod -> /sbin/kmodloader
add alternative: /sbin/insmod -> /sbin/kmodloader
add alternative: /sbin/lsmod -> /sbin/kmodloader
add alternative: /sbin/modinfo -> /sbin/kmodloader
add alternative: /sbin/modprobe -> /sbin/kmodloader
add alternative: /usr/bin/wget -> /bin/uclient-fetch
add alternative: /usr/bin/lsusb -> /usr/libexec/lsusb-usbutils
Enabling athena_led
Enabling autoreboot
Enabling avahi-daemon
Enabling boot
Enabling bootcount
Enabling cpufreq
Enabling cron
Enabling dbus
Enabling dnsmasq
Enabling dockerd
Enabling done
Enabling dropbear
Enabling etherwake
Enabling firewall
Enabling fstab
./etc/init.d/gecoosac: line 3: /lib/functions.sh: No such file or directory
./etc/init.d/gecoosac: line 4: /lib/functions/procd.sh: No such file or directory
./etc/init.d/gecoosac: line 5: /usr/share/gecoosac/runtime.sh: No such file or directory
Enabling gecoosac
Enabling gpio_switch
Enabling haproxy
./etc/init.d/homeproxy: line 25: uci: command not found
Enabling homeproxy
Enabling led
Enabling log
Enabling microsocks
Enabling miniupnpd
Enabling network
Enabling nikki
Enabling nss_freq
Enabling odhcpd
/mnt/build_wrt/build_dir/target-aarch64_cortex-a53_musl/root-qualcommax/usr/share/openclash/uci.sh: line 2: /lib/functions.sh: No such file or directory
/mnt/build_wrt/build_dir/target-aarch64_cortex-a53_musl/root-qualcommax/usr/share/openclash/uci.sh: line 2: /lib/functions.sh: No such file or directory
/mnt/build_wrt/build_dir/target-aarch64_cortex-a53_musl/root-qualcommax/usr/share/openclash/openclash_curl.sh: line 2: /usr/share/openclash/log.sh: No such file or directory
/mnt/build_wrt/build_dir/target-aarch64_cortex-a53_musl/root-qualcommax/usr/share/openclash/openclash_curl.sh: line 3: /usr/share/openclash/openclash_etag.sh: No such file or directory
Enabling openclash
Enabling openssl
Enabling packet_steering
/mnt/build_wrt/build_dir/target-aarch64_cortex-a53_musl/root-qualcommax/usr/share/passwall/utils.sh: line 32: /lib/functions/network.sh: No such file or directory
Enabling passwall
Enabling passwall_server
Enabling qca-nss-drv
Enabling qca-nss-ecm
Enabling qca-nss-netlink
Enabling qca-nss-pbuf
Enabling qmodem-settings
Enabling qmodem-smsd
Enabling qmodem_init
Enabling qmodem_led
Enabling qmodem_network
Enabling qmodem_reboot
Enabling qmodem_usage_stats
Enabling radius
Enabling relayd
Enabling rpcd
Enabling samba4
Enabling set-irq-affinity
Enabling sing-box
Enabling skb_recycler
Enabling smp_affinity
Enabling sms_forwarder
Enabling sysctl
Enabling sysfixtime
Enabling sysntpd
Enabling system
Enabling ttyd
Enabling ubihealthd
Enabling ubus-at-daemon
Enabling ucitrack
Enabling uhttpd
Enabling umount
Enabling urandom_seed
Enabling urngd
Enabling usbmode
Enabling usbmuxd
./etc/init.d/wolultra: line 3: /lib/functions.sh: No such file or directory
Enabling wolultra
Enabling wpad
Enabling wsdd2
Enabling xray
rm -rf /mnt/build_wrt/build_dir/target-aarch64_cortex-a53_musl/root-qualcommax/boot /mnt/build_wrt/build_dir/target-aarch64_cortex-a53_musl/root-qualcommax/tmp/* /mnt/build_wrt/build_dir/target-aarch64_cortex-a53_musl/root-qualcommax/lib/apk/db/*.post-install* /mnt/build_wrt/build_dir/target-aarch64_cortex-a53_musl/root-qualcommax/usr/lib/opkg/info/*.postinst* /mnt/build_wrt/build_dir/target-aarch64_cortex-a53_musl/root-qualcommax/usr/lib/opkg/lists/* /mnt/build_wrt/build_dir/target-aarch64_cortex-a53_musl/root-qualcommax/var/lock/*.lock
find /mnt/build_wrt/build_dir/target-aarch64_cortex-a53_musl/root-qualcommax/ -mindepth 1 -execdir touch -hcd "@1788757852" "{}" +
make[2]: Leaving directory '/mnt/build_wrt'
make[2]: Entering directory '/mnt/build_wrt'
make[3]: Entering directory '/mnt/build_wrt/target/linux'
make[4]: Entering directory '/mnt/build_wrt/target/linux/qualcommax'
rm -f /mnt/build_wrt/build_dir/target-aarch64_cortex-a53_musl/linux-qualcommax_ipq60xx/linux-6.18.44/localversion
/mnt/build_wrt/scripts/kconfig.pl  + + /mnt/build_wrt/target/linux/generic/config-6.18 /mnt/build_wrt/target/linux/qualcommax/config-6.18 /mnt/build_wrt/target/linux/qualcommax/ipq60xx/config-default > /mnt/build_wrt/build_dir/target-aarch64_cortex-a53_musl/linux-qualcommax_ipq60xx/linux-6.18.44/.config.target
awk '/^(#[[:space:]]+)?CONFIG_KERNEL/{sub("CONFIG_KERNEL_","CONFIG_");print}' /mnt/build_wrt/.config >> /mnt/build_wrt/build_dir/target-aarch64_cortex-a53_musl/linux-qualcommax_ipq60xx/linux-6.18.44/.config.target
echo "# CONFIG_KALLSYMS_EXTRA_PASS is not set" >> /mnt/build_wrt/build_dir/target-aarch64_cortex-a53_musl/linux-qualcommax_ipq60xx/linux-6.18.44/.config.target
echo "# CONFIG_KALLSYMS_ALL is not set" >> /mnt/build_wrt/build_dir/target-aarch64_cortex-a53_musl/linux-qualcommax_ipq60xx/linux-6.18.44/.config.target
echo "CONFIG_KALLSYMS_UNCOMPRESSED=y" >> /mnt/build_wrt/build_dir/target-aarch64_cortex-a53_musl/linux-qualcommax_ipq60xx/linux-6.18.44/.config.target
/mnt/build_wrt/scripts/package-metadata.pl kconfig /mnt/build_wrt/tmp/.packageinfo /mnt/build_wrt/.config 6.18 > /mnt/build_wrt/build_dir/target-aarch64_cortex-a53_musl/linux-qualcommax_ipq60xx/linux-6.18.44/.config.override
/mnt/build_wrt/scripts/kconfig.pl 'm+' '+' /mnt/build_wrt/build_dir/target-aarch64_cortex-a53_musl/linux-qualcommax_ipq60xx/linux-6.18.44/.config.target /dev/null /mnt/build_wrt/build_dir/target-aarch64_cortex-a53_musl/linux-qualcommax_ipq60xx/linux-6.18.44/.config.override > /mnt/build_wrt/build_dir/target-aarch64_cortex-a53_musl/linux-qualcommax_ipq60xx/linux-6.18.44/.config.set
mv /mnt/build_wrt/build_dir/target-aarch64_cortex-a53_musl/linux-qualcommax_ipq60xx/linux-6.18.44/.config.set /mnt/build_wrt/build_dir/target-aarch64_cortex-a53_musl/linux-qualcommax_ipq60xx/linux-6.18.44/.config.old
grep -v INITRAMFS /mnt/build_wrt/build_dir/target-aarch64_cortex-a53_musl/linux-qualcommax_ipq60xx/linux-6.18.44/.config.old > /mnt/build_wrt/build_dir/target-aarch64_cortex-a53_musl/linux-qualcommax_ipq60xx/linux-6.18.44/.config.set
echo 'CONFIG_INITRAMFS_SOURCE=""' >> /mnt/build_wrt/build_dir/target-aarch64_cortex-a53_musl/linux-qualcommax_ipq60xx/linux-6.18.44/.config.set
echo '# CONFIG_INITRAMFS_FORCE is not set' >> /mnt/build_wrt/build_dir/target-aarch64_cortex-a53_musl/linux-qualcommax_ipq60xx/linux-6.18.44/.config.set
echo "# CONFIG_INITRAMFS_PRESERVE_MTIME is not set" >> /mnt/build_wrt/build_dir/target-aarch64_cortex-a53_musl/linux-qualcommax_ipq60xx/linux-6.18.44/.config.set
rm -rf /mnt/build_wrt/build_dir/target-aarch64_cortex-a53_musl/linux-qualcommax_ipq60xx/modules
cmp -s /mnt/build_wrt/build_dir/target-aarch64_cortex-a53_musl/linux-qualcommax_ipq60xx/linux-6.18.44/.config.set /mnt/build_wrt/build_dir/target-aarch64_cortex-a53_musl/linux-qualcommax_ipq60xx/linux-6.18.44/.config.prev || { cp /mnt/build_wrt/build_dir/target-aarch64_cortex-a53_musl/linux-qualcommax_ipq60xx/linux-6.18.44/.config.set /mnt/build_wrt/build_dir/target-aarch64_cortex-a53_musl/linux-qualcommax_ipq60xx/linux-6.18.44/.config; cp /mnt/build_wrt/build_dir/target-aarch64_cortex-a53_musl/linux-qualcommax_ipq60xx/linux-6.18.44/.config.set /mnt/build_wrt/build_dir/target-aarch64_cortex-a53_musl/linux-qualcommax_ipq60xx/linux-6.18.44/.config.prev; }
export MAKEFLAGS= ; [ -d /mnt/build_wrt/build_dir/target-aarch64_cortex-a53_musl/linux-qualcommax_ipq60xx/linux-6.18.44/user_headers ] || make -C /mnt/build_wrt/build_dir/target-aarch64_cortex-a53_musl/linux-qualcommax_ipq60xx/linux-6.18.44 KCFLAGS="-fmacro-prefix-map=/mnt/build_wrt/build_dir/target-aarch64_cortex-a53_musl=target-aarch64_cortex-a53_musl -fno-caller-saves " KAFLAGS="-fmacro-prefix-map=/mnt/build_wrt/build_dir/target-aarch64_cortex-a53_musl=target-aarch64_cortex-a53_musl" HOSTCFLAGS="-O2 -I/mnt/build_wrt/staging_dir/host/include -Wall -Wmissing-prototypes -Wstrict-prototypes" CROSS_COMPILE="aarch64-openwrt-linux-musl-" ARCH="arm64" KBUILD_HAVE_NLS=no KBUILD_BUILD_USER="" KBUILD_BUILD_HOST="" KBUILD_BUILD_TIMESTAMP="Mon Sep  7 05:10:52 2026" KBUILD_BUILD_VERSION="0" KBUILD_HOSTLDFLAGS="-L/mnt/build_wrt/staging_dir/host/lib" CONFIG_SHELL="bash" V=''  cmd_syscalls=  CC="ccache aarch64-openwrt-linux-musl-gcc" KERNELRELEASE=6.18.44  INSTALL_HDR_PATH=/mnt/build_wrt/build_dir/target-aarch64_cortex-a53_musl/linux-qualcommax_ipq60xx/linux-6.18.44/user_headers headers_install
grep '=[ym]' /mnt/build_wrt/build_dir/target-aarch64_cortex-a53_musl/linux-qualcommax_ipq60xx/linux-6.18.44/.config.set | LC_ALL=C sort | /mnt/build_wrt/staging_dir/host/bin/mkhash md5 > /mnt/build_wrt/build_dir/target-aarch64_cortex-a53_musl/linux-qualcommax_ipq60xx/linux-6.18.44/.vermagic
touch /mnt/build_wrt/build_dir/target-aarch64_cortex-a53_musl/linux-qualcommax_ipq60xx/linux-6.18.44/.configured
rm -f /mnt/build_wrt/build_dir/target-aarch64_cortex-a53_musl/root-qualcommax/init
make -C /mnt/build_wrt/build_dir/target-aarch64_cortex-a53_musl/linux-qualcommax_ipq60xx/linux-6.18.44 KCFLAGS="-fmacro-prefix-map=/mnt/build_wrt/build_dir/target-aarch64_cortex-a53_musl=target-aarch64_cortex-a53_musl -fno-caller-saves " KAFLAGS="-fmacro-prefix-map=/mnt/build_wrt/build_dir/target-aarch64_cortex-a53_musl=target-aarch64_cortex-a53_musl" HOSTCFLAGS="-O2 -I/mnt/build_wrt/staging_dir/host/include -Wall -Wmissing-prototypes -Wstrict-prototypes" CROSS_COMPILE="aarch64-openwrt-linux-musl-" ARCH="arm64" KBUILD_HAVE_NLS=no KBUILD_BUILD_USER="" KBUILD_BUILD_HOST="" KBUILD_BUILD_TIMESTAMP="Mon Sep  7 05:10:52 2026" KBUILD_BUILD_VERSION="0" KBUILD_HOSTLDFLAGS="-L/mnt/build_wrt/staging_dir/host/lib" CONFIG_SHELL="bash" V=''  cmd_syscalls=  CC="ccache aarch64-openwrt-linux-musl-gcc" KERNELRELEASE=6.18.44  Image
make[5]: Entering directory '/mnt/build_wrt/build_dir/target-aarch64_cortex-a53_musl/linux-qualcommax_ipq60xx/linux-6.18.44'
make[5]: Leaving directory '/mnt/build_wrt/build_dir/target-aarch64_cortex-a53_musl/linux-qualcommax_ipq60xx/linux-6.18.44'
cmp -s /mnt/build_wrt/build_dir/target-aarch64_cortex-a53_musl/linux-qualcommax_ipq60xx/linux-6.18.44/vmlinux /mnt/build_wrt/build_dir/target-aarch64_cortex-a53_musl/linux-qualcommax_ipq60xx/vmlinux.debug || { aarch64-openwrt-linux-musl-objcopy -O binary -R .reginfo -R .notes -R .note -R .comment -R .mdebug -R .note.gnu.build-id -S /mnt/build_wrt/build_dir/target-aarch64_cortex-a53_musl/linux-qualcommax_ipq60xx/linux-6.18.44/vmlinux /mnt/build_wrt/build_dir/target-aarch64_cortex-a53_musl/linux-qualcommax_ipq60xx/vmlinux; aarch64-openwrt-linux-musl-objcopy -R .reginfo -R .notes -R .note -R .comment -R .mdebug -R .note.gnu.build-id -S /mnt/build_wrt/build_dir/target-aarch64_cortex-a53_musl/linux-qualcommax_ipq60xx/linux-6.18.44/vmlinux /mnt/build_wrt/build_dir/target-aarch64_cortex-a53_musl/linux-qualcommax_ipq60xx/vmlinux.elf; cp -fpR /mnt/build_wrt/build_dir/target-aarch64_cortex-a53_musl/linux-qualcommax_ipq60xx/linux-6.18.44/vmlinux /mnt/build_wrt/build_dir/target-aarch64_cortex-a53_musl/linux-qualcommax_ipq60xx/vmlinux.debug;  cp -fpR /mnt/build_wrt/build_dir/target-aarch64_cortex-a53_musl/linux-qualcommax_ipq60xx/linux-6.18.44/arch/arm64/boot//Image /mnt/build_wrt/build_dir/target-aarch64_cortex-a53_musl/linux-qualcommax_ipq60xx/Image;  }
touch /mnt/build_wrt/build_dir/target-aarch64_cortex-a53_musl/linux-qualcommax_ipq60xx/linux-6.18.44/.image
make -C image compile install TARGET_BUILD=
make[5]: Entering directory '/mnt/build_wrt/target/linux/qualcommax/image'
make[5]: Nothing to be done for 'compile'.
aarch64-openwrt-linux-musl-cpp -nostdinc -x assembler-with-cpp  -I/mnt/build_wrt/build_dir/target-aarch64_cortex-a53_musl/linux-qualcommax_ipq60xx/linux-6.18.44/arch/arm64/boot/dts/qcom -I/mnt/build_wrt/build_dir/target-aarch64_cortex-a53_musl/linux-qualcommax_ipq60xx/linux-6.18.44/arch/arm64/boot/dts/qcom/include -I/mnt/build_wrt/build_dir/target-aarch64_cortex-a53_musl/linux-qualcommax_ipq60xx/linux-6.18.44/include/ -I/mnt/build_wrt/build_dir/target-aarch64_cortex-a53_musl/linux-qualcommax_ipq60xx/linux-6.18.44/scripts/dtc/include-prefixes -undef -D__DTS__  -o /mnt/build_wrt/build_dir/target-aarch64_cortex-a53_musl/linux-qualcommax_ipq60xx/image-ipq6010-mango-dvk.dtb.tmp ../dts/ipq6010-mango-dvk.dts
/mnt/build_wrt/build_dir/target-aarch64_cortex-a53_musl/linux-qualcommax_ipq60xx/linux-6.18.44/scripts/dtc/dtc -O dtb -i../dts/ -Wno-interrupt_provider -Wno-unique_unit_address -Wno-unit_address_vs_reg -Wno-avoid_unnecessary_addr_size -Wno-alias_paths -Wno-graph_child_address -Wno-simple_bus_reg    -o /mnt/build_wrt/build_dir/target-aarch64_cortex-a53_musl/linux-qualcommax_ipq60xx/image-ipq6010-mango-dvk.dtb /mnt/build_wrt/build_dir/target-aarch64_cortex-a53_musl/linux-qualcommax_ipq60xx/image-ipq6010-mango-dvk.dtb.tmp
rm -f /mnt/build_wrt/build_dir/target-aarch64_cortex-a53_musl/linux-qualcommax_ipq60xx/image-ipq6010-mango-dvk.dtb.tmp
aarch64-openwrt-linux-musl-cpp -nostdinc -x assembler-with-cpp  -I/mnt/build_wrt/build_dir/target-aarch64_cortex-a53_musl/linux-qualcommax_ipq60xx/linux-6.18.44/arch/arm64/boot/dts/qcom -I/mnt/build_wrt/build_dir/target-aarch64_cortex-a53_musl/linux-qualcommax_ipq60xx/linux-6.18.44/arch/arm64/boot/dts/qcom/include -I/mnt/build_wrt/build_dir/target-aarch64_cortex-a53_musl/linux-qualcommax_ipq60xx/linux-6.18.44/include/ -I/mnt/build_wrt/build_dir/target-aarch64_cortex-a53_musl/linux-qualcommax_ipq60xx/linux-6.18.44/scripts/dtc/include-prefixes -undef -D__DTS__  -o /mnt/build_wrt/build_dir/target-aarch64_cortex-a53_musl/linux-qualcommax_ipq60xx/image-ipq6000-ap120c-ax.dtb.tmp ../dts/ipq6000-ap120c-ax.dts
/mnt/build_wrt/build_dir/target-aarch64_cortex-a53_musl/linux-qualcommax_ipq60xx/linux-6.18.44/scripts/dtc/dtc -O dtb -i../dts/ -Wno-interrupt_provider -Wno-unique_unit_address -Wno-unit_address_vs_reg -Wno-avoid_unnecessary_addr_size -Wno-alias_paths -Wno-graph_child_address -Wno-simple_bus_reg    -o /mnt/build_wrt/build_dir/target-aarch64_cortex-a53_musl/linux-qualcommax_ipq60xx/image-ipq6000-ap120c-ax.dtb /mnt/build_wrt/build_dir/target-aarch64_cortex-a53_musl/linux-qualcommax_ipq60xx/image-ipq6000-ap120c-ax.dtb.tmp
rm -f /mnt/build_wrt/build_dir/target-aarch64_cortex-a53_musl/linux-qualcommax_ipq60xx/image-ipq6000-ap120c-ax.dtb.tmp
aarch64-openwrt-linux-musl-cpp -nostdinc -x assembler-with-cpp  -I/mnt/build_wrt/build_dir/target-aarch64_cortex-a53_musl/linux-qualcommax_ipq60xx/linux-6.18.44/arch/arm64/boot/dts/qcom -I/mnt/build_wrt/build_dir/target-aarch64_cortex-a53_musl/linux-qualcommax_ipq60xx/linux-6.18.44/arch/arm64/boot/dts/qcom/include -I/mnt/build_wrt/build_dir/target-aarch64_cortex-a53_musl/linux-qualcommax_ipq60xx/linux-6.18.44/include/ -I/mnt/build_wrt/build_dir/target-aarch64_cortex-a53_musl/linux-qualcommax_ipq60xx/linux-6.18.44/scripts/dtc/include-prefixes -undef -D__DTS__  -o /mnt/build_wrt/build_dir/target-aarch64_cortex-a53_musl/linux-qualcommax_ipq60xx/image-ipq6010-xe3-4.dtb.tmp ../dts/ipq6010-xe3-4.dts
/mnt/build_wrt/build_dir/target-aarch64_cortex-a53_musl/linux-qualcommax_ipq60xx/linux-6.18.44/scripts/dtc/dtc -O dtb -i../dts/ -Wno-interrupt_provider -Wno-unique_unit_address -Wno-unit_address_vs_reg -Wno-avoid_unnecessary_addr_size -Wno-alias_paths -Wno-graph_child_address -Wno-simple_bus_reg    -o /mnt/build_wrt/build_dir/target-aarch64_cortex-a53_musl/linux-qualcommax_ipq60xx/image-ipq6010-xe3-4.dtb /mnt/build_wrt/build_dir/target-aarch64_cortex-a53_musl/linux-qualcommax_ipq60xx/image-ipq6010-xe3-4.dtb.tmp
rm -f /mnt/build_wrt/build_dir/target-aarch64_cortex-a53_musl/linux-qualcommax_ipq60xx/image-ipq6010-xe3-4.dtb.tmp
aarch64-openwrt-linux-musl-cpp -nostdinc -x assembler-with-cpp  -I/mnt/build_wrt/build_dir/target-aarch64_cortex-a53_musl/linux-qualcommax_ipq60xx/linux-6.18.44/arch/arm64/boot/dts/qcom -I/mnt/build_wrt/build_dir/target-aarch64_cortex-a53_musl/linux-qualcommax_ipq60xx/linux-6.18.44/arch/arm64/boot/dts/qcom/include -I/mnt/build_wrt/build_dir/target-aarch64_cortex-a53_musl/linux-qualcommax_ipq60xx/linux-6.18.44/include/ -I/mnt/build_wrt/build_dir/target-aarch64_cortex-a53_musl/linux-qualcommax_ipq60xx/linux-6.18.44/scripts/dtc/include-prefixes -undef -D__DTS__  -o /mnt/build_wrt/build_dir/target-aarch64_cortex-a53_musl/linux-qualcommax_ipq60xx/image-ipq6000-gl-ax1800.dtb.tmp ../dts/ipq6000-gl-ax1800.dts
/mnt/build_wrt/build_dir/target-aarch64_cortex-a53_musl/linux-qualcommax_ipq60xx/linux-6.18.44/scripts/dtc/dtc -O dtb -i../dts/ -Wno-interrupt_provider -Wno-unique_unit_address -Wno-unit_address_vs_reg -Wno-avoid_unnecessary_addr_size -Wno-alias_paths -Wno-graph_child_address -Wno-simple_bus_reg    -o /mnt/build_wrt/build_dir/target-aarch64_cortex-a53_musl/linux-qualcommax_ipq60xx/image-ipq6000-gl-ax1800.dtb /mnt/build_wrt/build_dir/target-aarch64_cortex-a53_musl/linux-qualcommax_ipq60xx/image-ipq6000-gl-ax1800.dtb.tmp
rm -f /mnt/build_wrt/build_dir/target-aarch64_cortex-a53_musl/linux-qualcommax_ipq60xx/image-ipq6000-gl-ax1800.dtb.tmp
aarch64-openwrt-linux-musl-cpp -nostdinc -x assembler-with-cpp  -I/mnt/build_wrt/build_dir/target-aarch64_cortex-a53_musl/linux-qualcommax_ipq60xx/linux-6.18.44/arch/arm64/boot/dts/qcom -I/mnt/build_wrt/build_dir/target-aarch64_cortex-a53_musl/linux-qualcommax_ipq60xx/linux-6.18.44/arch/arm64/boot/dts/qcom/include -I/mnt/build_wrt/build_dir/target-aarch64_cortex-a53_musl/linux-qualcommax_ipq60xx/linux-6.18.44/include/ -I/mnt/build_wrt/build_dir/target-aarch64_cortex-a53_musl/linux-qualcommax_ipq60xx/linux-6.18.44/scripts/dtc/include-prefixes -undef -D__DTS__  -o /mnt/build_wrt/build_dir/target-aarch64_cortex-a53_musl/linux-qualcommax_ipq60xx/image-ipq6000-gl-axt1800.dtb.tmp ../dts/ipq6000-gl-axt1800.dts
/mnt/build_wrt/build_dir/target-aarch64_cortex-a53_musl/linux-qualcommax_ipq60xx/linux-6.18.44/scripts/dtc/dtc -O dtb -i../dts/ -Wno-interrupt_provider -Wno-unique_unit_address -Wno-unit_address_vs_reg -Wno-avoid_unnecessary_addr_size -Wno-alias_paths -Wno-graph_child_address -Wno-simple_bus_reg    -o /mnt/build_wrt/build_dir/target-aarch64_cortex-a53_musl/linux-qualcommax_ipq60xx/image-ipq6000-gl-axt1800.dtb /mnt/build_wrt/build_dir/target-aarch64_cortex-a53_musl/linux-qualcommax_ipq60xx/image-ipq6000-gl-axt1800.dtb.tmp
rm -f /mnt/build_wrt/build_dir/target-aarch64_cortex-a53_musl/linux-qualcommax_ipq60xx/image-ipq6000-gl-axt1800.dtb.tmp
aarch64-openwrt-linux-musl-cpp -nostdinc -x assembler-with-cpp  -I/mnt/build_wrt/build_dir/target-aarch64_cortex-a53_musl/linux-qualcommax_ipq60xx/linux-6.18.44/arch/arm64/boot/dts/qcom -I/mnt/build_wrt/build_dir/target-aarch64_cortex-a53_musl/linux-qualcommax_ipq60xx/linux-6.18.44/arch/arm64/boot/dts/qcom/include -I/mnt/build_wrt/build_dir/target-aarch64_cortex-a53_musl/linux-qualcommax_ipq60xx/linux-6.18.44/include/ -I/mnt/build_wrt/build_dir/target-aarch64_cortex-a53_musl/linux-qualcommax_ipq60xx/linux-6.18.44/scripts/dtc/include-prefixes -undef -D__DTS__  -o /mnt/build_wrt/build_dir/target-aarch64_cortex-a53_musl/linux-qualcommax_ipq60xx/image-ipq6010-re-cs-02.dtb.tmp ../dts/ipq6010-re-cs-02.dts
/mnt/build_wrt/build_dir/target-aarch64_cortex-a53_musl/linux-qualcommax_ipq60xx/linux-6.18.44/scripts/dtc/dtc -O dtb -i../dts/ -Wno-interrupt_provider -Wno-unique_unit_address -Wno-unit_address_vs_reg -Wno-avoid_unnecessary_addr_size -Wno-alias_paths -Wno-graph_child_address -Wno-simple_bus_reg    -o /mnt/build_wrt/build_dir/target-aarch64_cortex-a53_musl/linux-qualcommax_ipq60xx/image-ipq6010-re-cs-02.dtb /mnt/build_wrt/build_dir/target-aarch64_cortex-a53_musl/linux-qualcommax_ipq60xx/image-ipq6010-re-cs-02.dtb.tmp
rm -f /mnt/build_wrt/build_dir/target-aarch64_cortex-a53_musl/linux-qualcommax_ipq60xx/image-ipq6010-re-cs-02.dtb.tmp
aarch64-openwrt-linux-musl-cpp -nostdinc -x assembler-with-cpp  -I/mnt/build_wrt/build_dir/target-aarch64_cortex-a53_musl/linux-qualcommax_ipq60xx/linux-6.18.44/arch/arm64/boot/dts/qcom -I/mnt/build_wrt/build_dir/target-aarch64_cortex-a53_musl/linux-qualcommax_ipq60xx/linux-6.18.44/arch/arm64/boot/dts/qcom/include -I/mnt/build_wrt/build_dir/target-aarch64_cortex-a53_musl/linux-qualcommax_ipq60xx/linux-6.18.44/include/ -I/mnt/build_wrt/build_dir/target-aarch64_cortex-a53_musl/linux-qualcommax_ipq60xx/linux-6.18.44/scripts/dtc/include-prefixes -undef -D__DTS__  -o /mnt/build_wrt/build_dir/target-aarch64_cortex-a53_musl/linux-qualcommax_ipq60xx/image-ipq6010-re-cs-07.dtb.tmp ../dts/ipq6010-re-cs-07.dts
/mnt/build_wrt/build_dir/target-aarch64_cortex-a53_musl/linux-qualcommax_ipq60xx/linux-6.18.44/scripts/dtc/dtc -O dtb -i../dts/ -Wno-interrupt_provider -Wno-unique_unit_address -Wno-unit_address_vs_reg -Wno-avoid_unnecessary_addr_size -Wno-alias_paths -Wno-graph_child_address -Wno-simple_bus_reg    -o /mnt/build_wrt/build_dir/target-aarch64_cortex-a53_musl/linux-qualcommax_ipq60xx/image-ipq6010-re-cs-07.dtb /mnt/build_wrt/build_dir/target-aarch64_cortex-a53_musl/linux-qualcommax_ipq60xx/image-ipq6010-re-cs-07.dtb.tmp
rm -f /mnt/build_wrt/build_dir/target-aarch64_cortex-a53_musl/linux-qualcommax_ipq60xx/image-ipq6010-re-cs-07.dtb.tmp
aarch64-openwrt-linux-musl-cpp -nostdinc -x assembler-with-cpp  -I/mnt/build_wrt/build_dir/target-aarch64_cortex-a53_musl/linux-qualcommax_ipq60xx/linux-6.18.44/arch/arm64/boot/dts/qcom -I/mnt/build_wrt/build_dir/target-aarch64_cortex-a53_musl/linux-qualcommax_ipq60xx/linux-6.18.44/arch/arm64/boot/dts/qcom/include -I/mnt/build_wrt/build_dir/target-aarch64_cortex-a53_musl/linux-qualcommax_ipq60xx/linux-6.18.44/include/ -I/mnt/build_wrt/build_dir/target-aarch64_cortex-a53_musl/linux-qualcommax_ipq60xx/linux-6.18.44/scripts/dtc/include-prefixes -undef -D__DTS__  -o /mnt/build_wrt/build_dir/target-aarch64_cortex-a53_musl/linux-qualcommax_ipq60xx/image-ipq6000-re-ss-01.dtb.tmp ../dts/ipq6000-re-ss-01.dts
/mnt/build_wrt/build_dir/target-aarch64_cortex-a53_musl/linux-qualcommax_ipq60xx/linux-6.18.44/scripts/dtc/dtc -O dtb -i../dts/ -Wno-interrupt_provider -Wno-unique_unit_address -Wno-unit_address_vs_reg -Wno-avoid_unnecessary_addr_size -Wno-alias_paths -Wno-graph_child_address -Wno-simple_bus_reg    -o /mnt/build_wrt/build_dir/target-aarch64_cortex-a53_musl/linux-qualcommax_ipq60xx/image-ipq6000-re-ss-01.dtb /mnt/build_wrt/build_dir/target-aarch64_cortex-a53_musl/linux-qualcommax_ipq60xx/image-ipq6000-re-ss-01.dtb.tmp
rm -f /mnt/build_wrt/build_dir/target-aarch64_cortex-a53_musl/linux-qualcommax_ipq60xx/image-ipq6000-re-ss-01.dtb.tmp
aarch64-openwrt-linux-musl-cpp -nostdinc -x assembler-with-cpp  -I/mnt/build_wrt/build_dir/target-aarch64_cortex-a53_musl/linux-qualcommax_ipq60xx/linux-6.18.44/arch/arm64/boot/dts/qcom -I/mnt/build_wrt/build_dir/target-aarch64_cortex-a53_musl/linux-qualcommax_ipq60xx/linux-6.18.44/arch/arm64/boot/dts/qcom/include -I/mnt/build_wrt/build_dir/target-aarch64_cortex-a53_musl/linux-qualcommax_ipq60xx/linux-6.18.44/include/ -I/mnt/build_wrt/build_dir/target-aarch64_cortex-a53_musl/linux-qualcommax_ipq60xx/linux-6.18.44/scripts/dtc/include-prefixes -undef -D__DTS__  -o /mnt/build_wrt/build_dir/target-aarch64_cortex-a53_musl/linux-qualcommax_ipq60xx/image-ipq6000-nn6000-v1.dtb.tmp ../dts/ipq6000-nn6000-v1.dts
/mnt/build_wrt/build_dir/target-aarch64_cortex-a53_musl/linux-qualcommax_ipq60xx/linux-6.18.44/scripts/dtc/dtc -O dtb -i../dts/ -Wno-interrupt_provider -Wno-unique_unit_address -Wno-unit_address_vs_reg -Wno-avoid_unnecessary_addr_size -Wno-alias_paths -Wno-graph_child_address -Wno-simple_bus_reg    -o /mnt/build_wrt/build_dir/target-aarch64_cortex-a53_musl/linux-qualcommax_ipq60xx/image-ipq6000-nn6000-v1.dtb /mnt/build_wrt/build_dir/target-aarch64_cortex-a53_musl/linux-qualcommax_ipq60xx/image-ipq6000-nn6000-v1.dtb.tmp
rm -f /mnt/build_wrt/build_dir/target-aarch64_cortex-a53_musl/linux-qualcommax_ipq60xx/image-ipq6000-nn6000-v1.dtb.tmp
aarch64-openwrt-linux-musl-cpp -nostdinc -x assembler-with-cpp  -I/mnt/build_wrt/build_dir/target-aarch64_cortex-a53_musl/linux-qualcommax_ipq60xx/linux-6.18.44/arch/arm64/boot/dts/qcom -I/mnt/build_wrt/build_dir/target-aarch64_cortex-a53_musl/linux-qualcommax_ipq60xx/linux-6.18.44/arch/arm64/boot/dts/qcom/include -I/mnt/build_wrt/build_dir/target-aarch64_cortex-a53_musl/linux-qualcommax_ipq60xx/linux-6.18.44/include/ -I/mnt/build_wrt/build_dir/target-aarch64_cortex-a53_musl/linux-qualcommax_ipq60xx/linux-6.18.44/scripts/dtc/include-prefixes -undef -D__DTS__  -o /mnt/build_wrt/build_dir/target-aarch64_cortex-a53_musl/linux-qualcommax_ipq60xx/image-ipq6000-nn6000-v2.dtb.tmp ../dts/ipq6000-nn6000-v2.dts
/mnt/build_wrt/build_dir/target-aarch64_cortex-a53_musl/linux-qualcommax_ipq60xx/linux-6.18.44/scripts/dtc/dtc -O dtb -i../dts/ -Wno-interrupt_provider -Wno-unique_unit_address -Wno-unit_address_vs_reg -Wno-avoid_unnecessary_addr_size -Wno-alias_paths -Wno-graph_child_address -Wno-simple_bus_reg    -o /mnt/build_wrt/build_dir/target-aarch64_cortex-a53_musl/linux-qualcommax_ipq60xx/image-ipq6000-nn6000-v2.dtb /mnt/build_wrt/build_dir/target-aarch64_cortex-a53_musl/linux-qualcommax_ipq60xx/image-ipq6000-nn6000-v2.dtb.tmp
rm -f /mnt/build_wrt/build_dir/target-aarch64_cortex-a53_musl/linux-qualcommax_ipq60xx/image-ipq6000-nn6000-v2.dtb.tmp
aarch64-openwrt-linux-musl-cpp -nostdinc -x assembler-with-cpp  -I/mnt/build_wrt/build_dir/target-aarch64_cortex-a53_musl/linux-qualcommax_ipq60xx/linux-6.18.44/arch/arm64/boot/dts/qcom -I/mnt/build_wrt/build_dir/target-aarch64_cortex-a53_musl/linux-qualcommax_ipq60xx/linux-6.18.44/arch/arm64/boot/dts/qcom/include -I/mnt/build_wrt/build_dir/target-aarch64_cortex-a53_musl/linux-qualcommax_ipq60xx/linux-6.18.44/include/ -I/mnt/build_wrt/build_dir/target-aarch64_cortex-a53_musl/linux-qualcommax_ipq60xx/linux-6.18.44/scripts/dtc/include-prefixes -undef -D__DTS__  -o /mnt/build_wrt/build_dir/target-aarch64_cortex-a53_musl/linux-qualcommax_ipq60xx/image-ipq6000-mr7350.dtb.tmp ../dts/ipq6000-mr7350.dts
/mnt/build_wrt/build_dir/target-aarch64_cortex-a53_musl/linux-qualcommax_ipq60xx/linux-6.18.44/scripts/dtc/dtc -O dtb -i../dts/ -Wno-interrupt_provider -Wno-unique_unit_address -Wno-unit_address_vs_reg -Wno-avoid_unnecessary_addr_size -Wno-alias_paths -Wno-graph_child_address -Wno-simple_bus_reg    -o /mnt/build_wrt/build_dir/target-aarch64_cortex-a53_musl/linux-qualcommax_ipq60xx/image-ipq6000-mr7350.dtb /mnt/build_wrt/build_dir/target-aarch64_cortex-a53_musl/linux-qualcommax_ipq60xx/image-ipq6000-mr7350.dtb.tmp
rm -f /mnt/build_wrt/build_dir/target-aarch64_cortex-a53_musl/linux-qualcommax_ipq60xx/image-ipq6000-mr7350.dtb.tmp
aarch64-openwrt-linux-musl-cpp -nostdinc -x assembler-with-cpp  -I/mnt/build_wrt/build_dir/target-aarch64_cortex-a53_musl/linux-qualcommax_ipq60xx/linux-6.18.44/arch/arm64/boot/dts/qcom -I/mnt/build_wrt/build_dir/target-aarch64_cortex-a53_musl/linux-qualcommax_ipq60xx/linux-6.18.44/arch/arm64/boot/dts/qcom/include -I/mnt/build_wrt/build_dir/target-aarch64_cortex-a53_musl/linux-qualcommax_ipq60xx/linux-6.18.44/include/ -I/mnt/build_wrt/build_dir/target-aarch64_cortex-a53_musl/linux-qualcommax_ipq60xx/linux-6.18.44/scripts/dtc/include-prefixes -undef -D__DTS__  -o /mnt/build_wrt/build_dir/target-aarch64_cortex-a53_musl/linux-qualcommax_ipq60xx/image-ipq6018-mr7500.dtb.tmp ../dts/ipq6018-mr7500.dts
/mnt/build_wrt/build_dir/target-aarch64_cortex-a53_musl/linux-qualcommax_ipq60xx/linux-6.18.44/scripts/dtc/dtc -O dtb -i../dts/ -Wno-interrupt_provider -Wno-unique_unit_address -Wno-unit_address_vs_reg -Wno-avoid_unnecessary_addr_size -Wno-alias_paths -Wno-graph_child_address -Wno-simple_bus_reg    -o /mnt/build_wrt/build_dir/target-aarch64_cortex-a53_musl/linux-qualcommax_ipq60xx/image-ipq6018-mr7500.dtb /mnt/build_wrt/build_dir/target-aarch64_cortex-a53_musl/linux-qualcommax_ipq60xx/image-ipq6018-mr7500.dtb.tmp
rm -f /mnt/build_wrt/build_dir/target-aarch64_cortex-a53_musl/linux-qualcommax_ipq60xx/image-ipq6018-mr7500.dtb.tmp
aarch64-openwrt-linux-musl-cpp -nostdinc -x assembler-with-cpp  -I/mnt/build_wrt/build_dir/target-aarch64_cortex-a53_musl/linux-qualcommax_ipq60xx/linux-6.18.44/arch/arm64/boot/dts/qcom -I/mnt/build_wrt/build_dir/target-aarch64_cortex-a53_musl/linux-qualcommax_ipq60xx/linux-6.18.44/arch/arm64/boot/dts/qcom/include -I/mnt/build_wrt/build_dir/target-aarch64_cortex-a53_musl/linux-qualcommax_ipq60xx/linux-6.18.44/include/ -I/mnt/build_wrt/build_dir/target-aarch64_cortex-a53_musl/linux-qualcommax_ipq60xx/linux-6.18.44/scripts/dtc/include-prefixes -undef -D__DTS__  -o /mnt/build_wrt/build_dir/target-aarch64_cortex-a53_musl/linux-qualcommax_ipq60xx/image-ipq6018-rbr350.dtb.tmp ../dts/ipq6018-rbr350.dts
/mnt/build_wrt/build_dir/target-aarch64_cortex-a53_musl/linux-qualcommax_ipq60xx/linux-6.18.44/scripts/dtc/dtc -O dtb -i../dts/ -Wno-interrupt_provider -Wno-unique_unit_address -Wno-unit_address_vs_reg -Wno-avoid_unnecessary_addr_size -Wno-alias_paths -Wno-graph_child_address -Wno-simple_bus_reg    -o /mnt/build_wrt/build_dir/target-aarch64_cortex-a53_musl/linux-qualcommax_ipq60xx/image-ipq6018-rbr350.dtb /mnt/build_wrt/build_dir/target-aarch64_cortex-a53_musl/linux-qualcommax_ipq60xx/image-ipq6018-rbr350.dtb.tmp
rm -f /mnt/build_wrt/build_dir/target-aarch64_cortex-a53_musl/linux-qualcommax_ipq60xx/image-ipq6018-rbr350.dtb.tmp
aarch64-openwrt-linux-musl-cpp -nostdinc -x assembler-with-cpp  -I/mnt/build_wrt/build_dir/target-aarch64_cortex-a53_musl/linux-qualcommax_ipq60xx/linux-6.18.44/arch/arm64/boot/dts/qcom -I/mnt/build_wrt/build_dir/target-aarch64_cortex-a53_musl/linux-qualcommax_ipq60xx/linux-6.18.44/arch/arm64/boot/dts/qcom/include -I/mnt/build_wrt/build_dir/target-aarch64_cortex-a53_musl/linux-qualcommax_ipq60xx/linux-6.18.44/include/ -I/mnt/build_wrt/build_dir/target-aarch64_cortex-a53_musl/linux-qualcommax_ipq60xx/linux-6.18.44/scripts/dtc/include-prefixes -undef -D__DTS__  -o /mnt/build_wrt/build_dir/target-aarch64_cortex-a53_musl/linux-qualcommax_ipq60xx/image-ipq6018-rbs350.dtb.tmp ../dts/ipq6018-rbs350.dts
/mnt/build_wrt/build_dir/target-aarch64_cortex-a53_musl/linux-qualcommax_ipq60xx/linux-6.18.44/scripts/dtc/dtc -O dtb -i../dts/ -Wno-interrupt_provider -Wno-unique_unit_address -Wno-unit_address_vs_reg -Wno-avoid_unnecessary_addr_size -Wno-alias_paths -Wno-graph_child_address -Wno-simple_bus_reg    -o /mnt/build_wrt/build_dir/target-aarch64_cortex-a53_musl/linux-qualcommax_ipq60xx/image-ipq6018-rbs350.dtb /mnt/build_wrt/build_dir/target-aarch64_cortex-a53_musl/linux-qualcommax_ipq60xx/image-ipq6018-rbs350.dtb.tmp
rm -f /mnt/build_wrt/build_dir/target-aarch64_cortex-a53_musl/linux-qualcommax_ipq60xx/image-ipq6018-rbs350.dtb.tmp
aarch64-openwrt-linux-musl-cpp -nostdinc -x assembler-with-cpp  -I/mnt/build_wrt/build_dir/target-aarch64_cortex-a53_musl/linux-qualcommax_ipq60xx/linux-6.18.44/arch/arm64/boot/dts/qcom -I/mnt/build_wrt/build_dir/target-aarch64_cortex-a53_musl/linux-qualcommax_ipq60xx/linux-6.18.44/arch/arm64/boot/dts/qcom/include -I/mnt/build_wrt/build_dir/target-aarch64_cortex-a53_musl/linux-qualcommax_ipq60xx/linux-6.18.44/include/ -I/mnt/build_wrt/build_dir/target-aarch64_cortex-a53_musl/linux-qualcommax_ipq60xx/linux-6.18.44/scripts/dtc/include-prefixes -undef -D__DTS__  -o /mnt/build_wrt/build_dir/target-aarch64_cortex-a53_musl/linux-qualcommax_ipq60xx/image-ipq6010-wax214.dtb.tmp ../dts/ipq6010-wax214.dts
/mnt/build_wrt/build_dir/target-aarch64_cortex-a53_musl/linux-qualcommax_ipq60xx/linux-6.18.44/scripts/dtc/dtc -O dtb -i../dts/ -Wno-interrupt_provider -Wno-unique_unit_address -Wno-unit_address_vs_reg -Wno-avoid_unnecessary_addr_size -Wno-alias_paths -Wno-graph_child_address -Wno-simple_bus_reg    -o /mnt/build_wrt/build_dir/target-aarch64_cortex-a53_musl/linux-qualcommax_ipq60xx/image-ipq6010-wax214.dtb /mnt/build_wrt/build_dir/target-aarch64_cortex-a53_musl/linux-qualcommax_ipq60xx/image-ipq6010-wax214.dtb.tmp
rm -f /mnt/build_wrt/build_dir/target-aarch64_cortex-a53_musl/linux-qualcommax_ipq60xx/image-ipq6010-wax214.dtb.tmp
aarch64-openwrt-linux-musl-cpp -nostdinc -x assembler-with-cpp  -I/mnt/build_wrt/build_dir/target-aarch64_cortex-a53_musl/linux-qualcommax_ipq60xx/linux-6.18.44/arch/arm64/boot/dts/qcom -I/mnt/build_wrt/build_dir/target-aarch64_cortex-a53_musl/linux-qualcommax_ipq60xx/linux-6.18.44/arch/arm64/boot/dts/qcom/include -I/mnt/build_wrt/build_dir/target-aarch64_cortex-a53_musl/linux-qualcommax_ipq60xx/linux-6.18.44/include/ -I/mnt/build_wrt/build_dir/target-aarch64_cortex-a53_musl/linux-qualcommax_ipq60xx/linux-6.18.44/scripts/dtc/include-prefixes -undef -D__DTS__  -o /mnt/build_wrt/build_dir/target-aarch64_cortex-a53_musl/linux-qualcommax_ipq60xx/image-ipq6010-wax610.dtb.tmp ../dts/ipq6010-wax610.dts
/mnt/build_wrt/build_dir/target-aarch64_cortex-a53_musl/linux-qualcommax_ipq60xx/linux-6.18.44/scripts/dtc/dtc -O dtb -i../dts/ -Wno-interrupt_provider -Wno-unique_unit_address -Wno-unit_address_vs_reg -Wno-avoid_unnecessary_addr_size -Wno-alias_paths -Wno-graph_child_address -Wno-simple_bus_reg    -o /mnt/build_wrt/build_dir/target-aarch64_cortex-a53_musl/linux-qualcommax_ipq60xx/image-ipq6010-wax610.dtb /mnt/build_wrt/build_dir/target-aarch64_cortex-a53_musl/linux-qualcommax_ipq60xx/image-ipq6010-wax610.dtb.tmp
rm -f /mnt/build_wrt/build_dir/target-aarch64_cortex-a53_musl/linux-qualcommax_ipq60xx/image-ipq6010-wax610.dtb.tmp
aarch64-openwrt-linux-musl-cpp -nostdinc -x assembler-with-cpp  -I/mnt/build_wrt/build_dir/target-aarch64_cortex-a53_musl/linux-qualcommax_ipq60xx/linux-6.18.44/arch/arm64/boot/dts/qcom -I/mnt/build_wrt/build_dir/target-aarch64_cortex-a53_musl/linux-qualcommax_ipq60xx/linux-6.18.44/arch/arm64/boot/dts/qcom/include -I/mnt/build_wrt/build_dir/target-aarch64_cortex-a53_musl/linux-qualcommax_ipq60xx/linux-6.18.44/include/ -I/mnt/build_wrt/build_dir/target-aarch64_cortex-a53_musl/linux-qualcommax_ipq60xx/linux-6.18.44/scripts/dtc/include-prefixes -undef -D__DTS__  -o /mnt/build_wrt/build_dir/target-aarch64_cortex-a53_musl/linux-qualcommax_ipq60xx/image-ipq6010-wax610y.dtb.tmp ../dts/ipq6010-wax610y.dts
/mnt/build_wrt/build_dir/target-aarch64_cortex-a53_musl/linux-qualcommax_ipq60xx/linux-6.18.44/scripts/dtc/dtc -O dtb -i../dts/ -Wno-interrupt_provider -Wno-unique_unit_address -Wno-unit_address_vs_reg -Wno-avoid_unnecessary_addr_size -Wno-alias_paths -Wno-graph_child_address -Wno-simple_bus_reg    -o /mnt/build_wrt/build_dir/target-aarch64_cortex-a53_musl/linux-qualcommax_ipq60xx/image-ipq6010-wax610y.dtb /mnt/build_wrt/build_dir/target-aarch64_cortex-a53_musl/linux-qualcommax_ipq60xx/image-ipq6010-wax610y.dtb.tmp
rm -f /mnt/build_wrt/build_dir/target-aarch64_cortex-a53_musl/linux-qualcommax_ipq60xx/image-ipq6010-wax610y.dtb.tmp
aarch64-openwrt-linux-musl-cpp -nostdinc -x assembler-with-cpp  -I/mnt/build_wrt/build_dir/target-aarch64_cortex-a53_musl/linux-qualcommax_ipq60xx/linux-6.18.44/arch/arm64/boot/dts/qcom -I/mnt/build_wrt/build_dir/target-aarch64_cortex-a53_musl/linux-qualcommax_ipq60xx/linux-6.18.44/arch/arm64/boot/dts/qcom/include -I/mnt/build_wrt/build_dir/target-aarch64_cortex-a53_musl/linux-qualcommax_ipq60xx/linux-6.18.44/include/ -I/mnt/build_wrt/build_dir/target-aarch64_cortex-a53_musl/linux-qualcommax_ipq60xx/linux-6.18.44/scripts/dtc/include-prefixes -undef -D__DTS__  -o /mnt/build_wrt/build_dir/target-aarch64_cortex-a53_musl/linux-qualcommax_ipq60xx/image-ipq6000-360v6.dtb.tmp ../dts/ipq6000-360v6.dts
/mnt/build_wrt/build_dir/target-aarch64_cortex-a53_musl/linux-qualcommax_ipq60xx/linux-6.18.44/scripts/dtc/dtc -O dtb -i../dts/ -Wno-interrupt_provider -Wno-unique_unit_address -Wno-unit_address_vs_reg -Wno-avoid_unnecessary_addr_size -Wno-alias_paths -Wno-graph_child_address -Wno-simple_bus_reg    -o /mnt/build_wrt/build_dir/target-aarch64_cortex-a53_musl/linux-qualcommax_ipq60xx/image-ipq6000-360v6.dtb /mnt/build_wrt/build_dir/target-aarch64_cortex-a53_musl/linux-qualcommax_ipq60xx/image-ipq6000-360v6.dtb.tmp
rm -f /mnt/build_wrt/build_dir/target-aarch64_cortex-a53_musl/linux-qualcommax_ipq60xx/image-ipq6000-360v6.dtb.tmp
aarch64-openwrt-linux-musl-cpp -nostdinc -x assembler-with-cpp  -I/mnt/build_wrt/build_dir/target-aarch64_cortex-a53_musl/linux-qualcommax_ipq60xx/linux-6.18.44/arch/arm64/boot/dts/qcom -I/mnt/build_wrt/build_dir/target-aarch64_cortex-a53_musl/linux-qualcommax_ipq60xx/linux-6.18.44/arch/arm64/boot/dts/qcom/include -I/mnt/build_wrt/build_dir/target-aarch64_cortex-a53_musl/linux-qualcommax_ipq60xx/linux-6.18.44/include/ -I/mnt/build_wrt/build_dir/target-aarch64_cortex-a53_musl/linux-qualcommax_ipq60xx/linux-6.18.44/scripts/dtc/include-prefixes -undef -D__DTS__  -o /mnt/build_wrt/build_dir/target-aarch64_cortex-a53_musl/linux-qualcommax_ipq60xx/image-ipq6018-eap610-outdoor.dtb.tmp ../dts/ipq6018-eap610-outdoor.dts
/mnt/build_wrt/build_dir/target-aarch64_cortex-a53_musl/linux-qualcommax_ipq60xx/linux-6.18.44/scripts/dtc/dtc -O dtb -i../dts/ -Wno-interrupt_provider -Wno-unique_unit_address -Wno-unit_address_vs_reg -Wno-avoid_unnecessary_addr_size -Wno-alias_paths -Wno-graph_child_address -Wno-simple_bus_reg    -o /mnt/build_wrt/build_dir/target-aarch64_cortex-a53_musl/linux-qualcommax_ipq60xx/image-ipq6018-eap610-outdoor.dtb /mnt/build_wrt/build_dir/target-aarch64_cortex-a53_musl/linux-qualcommax_ipq60xx/image-ipq6018-eap610-outdoor.dtb.tmp
rm -f /mnt/build_wrt/build_dir/target-aarch64_cortex-a53_musl/linux-qualcommax_ipq60xx/image-ipq6018-eap610-outdoor.dtb.tmp
aarch64-openwrt-linux-musl-cpp -nostdinc -x assembler-with-cpp  -I/mnt/build_wrt/build_dir/target-aarch64_cortex-a53_musl/linux-qualcommax_ipq60xx/linux-6.18.44/arch/arm64/boot/dts/qcom -I/mnt/build_wrt/build_dir/target-aarch64_cortex-a53_musl/linux-qualcommax_ipq60xx/linux-6.18.44/arch/arm64/boot/dts/qcom/include -I/mnt/build_wrt/build_dir/target-aarch64_cortex-a53_musl/linux-qualcommax_ipq60xx/linux-6.18.44/include/ -I/mnt/build_wrt/build_dir/target-aarch64_cortex-a53_musl/linux-qualcommax_ipq60xx/linux-6.18.44/scripts/dtc/include-prefixes -undef -D__DTS__  -o /mnt/build_wrt/build_dir/target-aarch64_cortex-a53_musl/linux-qualcommax_ipq60xx/image-ipq6018-eap623-outdoor-hd-v1.dtb.tmp ../dts/ipq6018-eap623-outdoor-hd-v1.dts
/mnt/build_wrt/build_dir/target-aarch64_cortex-a53_musl/linux-qualcommax_ipq60xx/linux-6.18.44/scripts/dtc/dtc -O dtb -i../dts/ -Wno-interrupt_provider -Wno-unique_unit_address -Wno-unit_address_vs_reg -Wno-avoid_unnecessary_addr_size -Wno-alias_paths -Wno-graph_child_address -Wno-simple_bus_reg    -o /mnt/build_wrt/build_dir/target-aarch64_cortex-a53_musl/linux-qualcommax_ipq60xx/image-ipq6018-eap623-outdoor-hd-v1.dtb /mnt/build_wrt/build_dir/target-aarch64_cortex-a53_musl/linux-qualcommax_ipq60xx/image-ipq6018-eap623-outdoor-hd-v1.dtb.tmp
rm -f /mnt/build_wrt/build_dir/target-aarch64_cortex-a53_musl/linux-qualcommax_ipq60xx/image-ipq6018-eap623-outdoor-hd-v1.dtb.tmp
aarch64-openwrt-linux-musl-cpp -nostdinc -x assembler-with-cpp  -I/mnt/build_wrt/build_dir/target-aarch64_cortex-a53_musl/linux-qualcommax_ipq60xx/linux-6.18.44/arch/arm64/boot/dts/qcom -I/mnt/build_wrt/build_dir/target-aarch64_cortex-a53_musl/linux-qualcommax_ipq60xx/linux-6.18.44/arch/arm64/boot/dts/qcom/include -I/mnt/build_wrt/build_dir/target-aarch64_cortex-a53_musl/linux-qualcommax_ipq60xx/linux-6.18.44/include/ -I/mnt/build_wrt/build_dir/target-aarch64_cortex-a53_musl/linux-qualcommax_ipq60xx/linux-6.18.44/scripts/dtc/include-prefixes -undef -D__DTS__  -o /mnt/build_wrt/build_dir/target-aarch64_cortex-a53_musl/linux-qualcommax_ipq60xx/image-ipq6018-eap625-outdoor-hd-v1.dtb.tmp ../dts/ipq6018-eap625-outdoor-hd-v1.dts
/mnt/build_wrt/build_dir/target-aarch64_cortex-a53_musl/linux-qualcommax_ipq60xx/linux-6.18.44/scripts/dtc/dtc -O dtb -i../dts/ -Wno-interrupt_provider -Wno-unique_unit_address -Wno-unit_address_vs_reg -Wno-avoid_unnecessary_addr_size -Wno-alias_paths -Wno-graph_child_address -Wno-simple_bus_reg    -o /mnt/build_wrt/build_dir/target-aarch64_cortex-a53_musl/linux-qualcommax_ipq60xx/image-ipq6018-eap625-outdoor-hd-v1.dtb /mnt/build_wrt/build_dir/target-aarch64_cortex-a53_musl/linux-qualcommax_ipq60xx/image-ipq6018-eap625-outdoor-hd-v1.dtb.tmp
rm -f /mnt/build_wrt/build_dir/target-aarch64_cortex-a53_musl/linux-qualcommax_ipq60xx/image-ipq6018-eap625-outdoor-hd-v1.dtb.tmp
aarch64-openwrt-linux-musl-cpp -nostdinc -x assembler-with-cpp  -I/mnt/build_wrt/build_dir/target-aarch64_cortex-a53_musl/linux-qualcommax_ipq60xx/linux-6.18.44/arch/arm64/boot/dts/qcom -I/mnt/build_wrt/build_dir/target-aarch64_cortex-a53_musl/linux-qualcommax_ipq60xx/linux-6.18.44/arch/arm64/boot/dts/qcom/include -I/mnt/build_wrt/build_dir/target-aarch64_cortex-a53_musl/linux-qualcommax_ipq60xx/linux-6.18.44/include/ -I/mnt/build_wrt/build_dir/target-aarch64_cortex-a53_musl/linux-qualcommax_ipq60xx/linux-6.18.44/scripts/dtc/include-prefixes -undef -D__DTS__  -o /mnt/build_wrt/build_dir/target-aarch64_cortex-a53_musl/linux-qualcommax_ipq60xx/image-ipq6018-eap620-hd-v2.dtb.tmp ../dts/ipq6018-eap620-hd-v2.dts
/mnt/build_wrt/build_dir/target-aarch64_cortex-a53_musl/linux-qualcommax_ipq60xx/linux-6.18.44/scripts/dtc/dtc -O dtb -i../dts/ -Wno-interrupt_provider -Wno-unique_unit_address -Wno-unit_address_vs_reg -Wno-avoid_unnecessary_addr_size -Wno-alias_paths -Wno-graph_child_address -Wno-simple_bus_reg    -o /mnt/build_wrt/build_dir/target-aarch64_cortex-a53_musl/linux-qualcommax_ipq60xx/image-ipq6018-eap620-hd-v2.dtb /mnt/build_wrt/build_dir/target-aarch64_cortex-a53_musl/linux-qualcommax_ipq60xx/image-ipq6018-eap620-hd-v2.dtb.tmp
rm -f /mnt/build_wrt/build_dir/target-aarch64_cortex-a53_musl/linux-qualcommax_ipq60xx/image-ipq6018-eap620-hd-v2.dtb.tmp
aarch64-openwrt-linux-musl-cpp -nostdinc -x assembler-with-cpp  -I/mnt/build_wrt/build_dir/target-aarch64_cortex-a53_musl/linux-qualcommax_ipq60xx/linux-6.18.44/arch/arm64/boot/dts/qcom -I/mnt/build_wrt/build_dir/target-aarch64_cortex-a53_musl/linux-qualcommax_ipq60xx/linux-6.18.44/arch/arm64/boot/dts/qcom/include -I/mnt/build_wrt/build_dir/target-aarch64_cortex-a53_musl/linux-qualcommax_ipq60xx/linux-6.18.44/include/ -I/mnt/build_wrt/build_dir/target-aarch64_cortex-a53_musl/linux-qualcommax_ipq60xx/linux-6.18.44/scripts/dtc/include-prefixes -undef -D__DTS__  -o /mnt/build_wrt/build_dir/target-aarch64_cortex-a53_musl/linux-qualcommax_ipq60xx/image-ipq6018-eap620-hd-v3.dtb.tmp ../dts/ipq6018-eap620-hd-v3.dts
/mnt/build_wrt/build_dir/target-aarch64_cortex-a53_musl/linux-qualcommax_ipq60xx/linux-6.18.44/scripts/dtc/dtc -O dtb -i../dts/ -Wno-interrupt_provider -Wno-unique_unit_address -Wno-unit_address_vs_reg -Wno-avoid_unnecessary_addr_size -Wno-alias_paths -Wno-graph_child_address -Wno-simple_bus_reg    -o /mnt/build_wrt/build_dir/target-aarch64_cortex-a53_musl/linux-qualcommax_ipq60xx/image-ipq6018-eap620-hd-v3.dtb /mnt/build_wrt/build_dir/target-aarch64_cortex-a53_musl/linux-qualcommax_ipq60xx/image-ipq6018-eap620-hd-v3.dtb.tmp
rm -f /mnt/build_wrt/build_dir/target-aarch64_cortex-a53_musl/linux-qualcommax_ipq60xx/image-ipq6018-eap620-hd-v3.dtb.tmp
aarch64-openwrt-linux-musl-cpp -nostdinc -x assembler-with-cpp  -I/mnt/build_wrt/build_dir/target-aarch64_cortex-a53_musl/linux-qualcommax_ipq60xx/linux-6.18.44/arch/arm64/boot/dts/qcom -I/mnt/build_wrt/build_dir/target-aarch64_cortex-a53_musl/linux-qualcommax_ipq60xx/linux-6.18.44/arch/arm64/boot/dts/qcom/include -I/mnt/build_wrt/build_dir/target-aarch64_cortex-a53_musl/linux-qualcommax_ipq60xx/linux-6.18.44/include/ -I/mnt/build_wrt/build_dir/target-aarch64_cortex-a53_musl/linux-qualcommax_ipq60xx/linux-6.18.44/scripts/dtc/include-prefixes -undef -D__DTS__  -o /mnt/build_wrt/build_dir/target-aarch64_cortex-a53_musl/linux-qualcommax_ipq60xx/image-ipq6018-fap650.dtb.tmp ../dts/ipq6018-fap650.dts
/mnt/build_wrt/build_dir/target-aarch64_cortex-a53_musl/linux-qualcommax_ipq60xx/linux-6.18.44/scripts/dtc/dtc -O dtb -i../dts/ -Wno-interrupt_provider -Wno-unique_unit_address -Wno-unit_address_vs_reg -Wno-avoid_unnecessary_addr_size -Wno-alias_paths -Wno-graph_child_address -Wno-simple_bus_reg    -o /mnt/build_wrt/build_dir/target-aarch64_cortex-a53_musl/linux-qualcommax_ipq60xx/image-ipq6018-fap650.dtb /mnt/build_wrt/build_dir/target-aarch64_cortex-a53_musl/linux-qualcommax_ipq60xx/image-ipq6018-fap650.dtb.tmp
rm -f /mnt/build_wrt/build_dir/target-aarch64_cortex-a53_musl/linux-qualcommax_ipq60xx/image-ipq6018-fap650.dtb.tmp
aarch64-openwrt-linux-musl-cpp -nostdinc -x assembler-with-cpp  -I/mnt/build_wrt/build_dir/target-aarch64_cortex-a53_musl/linux-qualcommax_ipq60xx/linux-6.18.44/arch/arm64/boot/dts/qcom -I/mnt/build_wrt/build_dir/target-aarch64_cortex-a53_musl/linux-qualcommax_ipq60xx/linux-6.18.44/arch/arm64/boot/dts/qcom/include -I/mnt/build_wrt/build_dir/target-aarch64_cortex-a53_musl/linux-qualcommax_ipq60xx/linux-6.18.44/include/ -I/mnt/build_wrt/build_dir/target-aarch64_cortex-a53_musl/linux-qualcommax_ipq60xx/linux-6.18.44/scripts/dtc/include-prefixes -undef -D__DTS__  -o /mnt/build_wrt/build_dir/target-aarch64_cortex-a53_musl/linux-qualcommax_ipq60xx/image-ipq6010-e1.dtb.tmp ../dts/ipq6010-e1.dts
/mnt/build_wrt/build_dir/target-aarch64_cortex-a53_musl/linux-qualcommax_ipq60xx/linux-6.18.44/scripts/dtc/dtc -O dtb -i../dts/ -Wno-interrupt_provider -Wno-unique_unit_address -Wno-unit_address_vs_reg -Wno-avoid_unnecessary_addr_size -Wno-alias_paths -Wno-graph_child_address -Wno-simple_bus_reg    -o /mnt/build_wrt/build_dir/target-aarch64_cortex-a53_musl/linux-qualcommax_ipq60xx/image-ipq6010-e1.dtb /mnt/build_wrt/build_dir/target-aarch64_cortex-a53_musl/linux-qualcommax_ipq60xx/image-ipq6010-e1.dtb.tmp
rm -f /mnt/build_wrt/build_dir/target-aarch64_cortex-a53_musl/linux-qualcommax_ipq60xx/image-ipq6010-e1.dtb.tmp
aarch64-openwrt-linux-musl-cpp -nostdinc -x assembler-with-cpp  -I/mnt/build_wrt/build_dir/target-aarch64_cortex-a53_musl/linux-qualcommax_ipq60xx/linux-6.18.44/arch/arm64/boot/dts/qcom -I/mnt/build_wrt/build_dir/target-aarch64_cortex-a53_musl/linux-qualcommax_ipq60xx/linux-6.18.44/arch/arm64/boot/dts/qcom/include -I/mnt/build_wrt/build_dir/target-aarch64_cortex-a53_musl/linux-qualcommax_ipq60xx/linux-6.18.44/include/ -I/mnt/build_wrt/build_dir/target-aarch64_cortex-a53_musl/linux-qualcommax_ipq60xx/linux-6.18.44/scripts/dtc/include-prefixes -undef -D__DTS__  -o /mnt/build_wrt/build_dir/target-aarch64_cortex-a53_musl/linux-qualcommax_ipq60xx/image-ipq6000-ax18.dtb.tmp ../dts/ipq6000-ax18.dts
/mnt/build_wrt/build_dir/target-aarch64_cortex-a53_musl/linux-qualcommax_ipq60xx/linux-6.18.44/scripts/dtc/dtc -O dtb -i../dts/ -Wno-interrupt_provider -Wno-unique_unit_address -Wno-unit_address_vs_reg -Wno-avoid_unnecessary_addr_size -Wno-alias_paths -Wno-graph_child_address -Wno-simple_bus_reg    -o /mnt/build_wrt/build_dir/target-aarch64_cortex-a53_musl/linux-qualcommax_ipq60xx/image-ipq6000-ax18.dtb /mnt/build_wrt/build_dir/target-aarch64_cortex-a53_musl/linux-qualcommax_ipq60xx/image-ipq6000-ax18.dtb.tmp
rm -f /mnt/build_wrt/build_dir/target-aarch64_cortex-a53_musl/linux-qualcommax_ipq60xx/image-ipq6000-ax18.dtb.tmp
aarch64-openwrt-linux-musl-cpp -nostdinc -x assembler-with-cpp  -I/mnt/build_wrt/build_dir/target-aarch64_cortex-a53_musl/linux-qualcommax_ipq60xx/linux-6.18.44/arch/arm64/boot/dts/qcom -I/mnt/build_wrt/build_dir/target-aarch64_cortex-a53_musl/linux-qualcommax_ipq60xx/linux-6.18.44/arch/arm64/boot/dts/qcom/include -I/mnt/build_wrt/build_dir/target-aarch64_cortex-a53_musl/linux-qualcommax_ipq60xx/linux-6.18.44/include/ -I/mnt/build_wrt/build_dir/target-aarch64_cortex-a53_musl/linux-qualcommax_ipq60xx/linux-6.18.44/scripts/dtc/include-prefixes -undef -D__DTS__  -o /mnt/build_wrt/build_dir/target-aarch64_cortex-a53_musl/linux-qualcommax_ipq60xx/image-ipq6000-ap3000-2c.dtb.tmp ../dts/ipq6000-ap3000-2c.dts
/mnt/build_wrt/build_dir/target-aarch64_cortex-a53_musl/linux-qualcommax_ipq60xx/linux-6.18.44/scripts/dtc/dtc -O dtb -i../dts/ -Wno-interrupt_provider -Wno-unique_unit_address -Wno-unit_address_vs_reg -Wno-avoid_unnecessary_addr_size -Wno-alias_paths -Wno-graph_child_address -Wno-simple_bus_reg    -o /mnt/build_wrt/build_dir/target-aarch64_cortex-a53_musl/linux-qualcommax_ipq60xx/image-ipq6000-ap3000-2c.dtb /mnt/build_wrt/build_dir/target-aarch64_cortex-a53_musl/linux-qualcommax_ipq60xx/image-ipq6000-ap3000-2c.dtb.tmp
rm -f /mnt/build_wrt/build_dir/target-aarch64_cortex-a53_musl/linux-qualcommax_ipq60xx/image-ipq6000-ap3000-2c.dtb.tmp
aarch64-openwrt-linux-musl-cpp -nostdinc -x assembler-with-cpp  -I/mnt/build_wrt/build_dir/target-aarch64_cortex-a53_musl/linux-qualcommax_ipq60xx/linux-6.18.44/arch/arm64/boot/dts/qcom -I/mnt/build_wrt/build_dir/target-aarch64_cortex-a53_musl/linux-qualcommax_ipq60xx/linux-6.18.44/arch/arm64/boot/dts/qcom/include -I/mnt/build_wrt/build_dir/target-aarch64_cortex-a53_musl/linux-qualcommax_ipq60xx/linux-6.18.44/include/ -I/mnt/build_wrt/build_dir/target-aarch64_cortex-a53_musl/linux-qualcommax_ipq60xx/linux-6.18.44/scripts/dtc/include-prefixes -undef -D__DTS__  -o /mnt/build_wrt/build_dir/target-aarch64_cortex-a53_musl/linux-qualcommax_ipq60xx/image-ipq6000-ax5.dtb.tmp ../dts/ipq6000-ax5.dts
/mnt/build_wrt/build_dir/target-aarch64_cortex-a53_musl/linux-qualcommax_ipq60xx/linux-6.18.44/scripts/dtc/dtc -O dtb -i../dts/ -Wno-interrupt_provider -Wno-unique_unit_address -Wno-unit_address_vs_reg -Wno-avoid_unnecessary_addr_size -Wno-alias_paths -Wno-graph_child_address -Wno-simple_bus_reg    -o /mnt/build_wrt/build_dir/target-aarch64_cortex-a53_musl/linux-qualcommax_ipq60xx/image-ipq6000-ax5.dtb /mnt/build_wrt/build_dir/target-aarch64_cortex-a53_musl/linux-qualcommax_ipq60xx/image-ipq6000-ax5.dtb.tmp
rm -f /mnt/build_wrt/build_dir/target-aarch64_cortex-a53_musl/linux-qualcommax_ipq60xx/image-ipq6000-ax5.dtb.tmp
aarch64-openwrt-linux-musl-cpp -nostdinc -x assembler-with-cpp  -I/mnt/build_wrt/build_dir/target-aarch64_cortex-a53_musl/linux-qualcommax_ipq60xx/linux-6.18.44/arch/arm64/boot/dts/qcom -I/mnt/build_wrt/build_dir/target-aarch64_cortex-a53_musl/linux-qualcommax_ipq60xx/linux-6.18.44/arch/arm64/boot/dts/qcom/include -I/mnt/build_wrt/build_dir/target-aarch64_cortex-a53_musl/linux-qualcommax_ipq60xx/linux-6.18.44/include/ -I/mnt/build_wrt/build_dir/target-aarch64_cortex-a53_musl/linux-qualcommax_ipq60xx/linux-6.18.44/scripts/dtc/include-prefixes -undef -D__DTS__  -o /mnt/build_wrt/build_dir/target-aarch64_cortex-a53_musl/linux-qualcommax_ipq60xx/image-ipq6000-ax1800.dtb.tmp ../dts/ipq6000-ax1800.dts
/mnt/build_wrt/build_dir/target-aarch64_cortex-a53_musl/linux-qualcommax_ipq60xx/linux-6.18.44/scripts/dtc/dtc -O dtb -i../dts/ -Wno-interrupt_provider -Wno-unique_unit_address -Wno-unit_address_vs_reg -Wno-avoid_unnecessary_addr_size -Wno-alias_paths -Wno-graph_child_address -Wno-simple_bus_reg    -o /mnt/build_wrt/build_dir/target-aarch64_cortex-a53_musl/linux-qualcommax_ipq60xx/image-ipq6000-ax1800.dtb /mnt/build_wrt/build_dir/target-aarch64_cortex-a53_musl/linux-qualcommax_ipq60xx/image-ipq6000-ax1800.dtb.tmp
rm -f /mnt/build_wrt/build_dir/target-aarch64_cortex-a53_musl/linux-qualcommax_ipq60xx/image-ipq6000-ax1800.dtb.tmp
aarch64-openwrt-linux-musl-cpp -nostdinc -x assembler-with-cpp  -I/mnt/build_wrt/build_dir/target-aarch64_cortex-a53_musl/linux-qualcommax_ipq60xx/linux-6.18.44/arch/arm64/boot/dts/qcom -I/mnt/build_wrt/build_dir/target-aarch64_cortex-a53_musl/linux-qualcommax_ipq60xx/linux-6.18.44/arch/arm64/boot/dts/qcom/include -I/mnt/build_wrt/build_dir/target-aarch64_cortex-a53_musl/linux-qualcommax_ipq60xx/linux-6.18.44/include/ -I/mnt/build_wrt/build_dir/target-aarch64_cortex-a53_musl/linux-qualcommax_ipq60xx/linux-6.18.44/scripts/dtc/include-prefixes -undef -D__DTS__  -o /mnt/build_wrt/build_dir/target-aarch64_cortex-a53_musl/linux-qualcommax_ipq60xx/image-ipq6000-m2.dtb.tmp ../dts/ipq6000-m2.dts
/mnt/build_wrt/build_dir/target-aarch64_cortex-a53_musl/linux-qualcommax_ipq60xx/linux-6.18.44/scripts/dtc/dtc -O dtb -i../dts/ -Wno-interrupt_provider -Wno-unique_unit_address -Wno-unit_address_vs_reg -Wno-avoid_unnecessary_addr_size -Wno-alias_paths -Wno-graph_child_address -Wno-simple_bus_reg    -o /mnt/build_wrt/build_dir/target-aarch64_cortex-a53_musl/linux-qualcommax_ipq60xx/image-ipq6000-m2.dtb /mnt/build_wrt/build_dir/target-aarch64_cortex-a53_musl/linux-qualcommax_ipq60xx/image-ipq6000-m2.dtb.tmp
rm -f /mnt/build_wrt/build_dir/target-aarch64_cortex-a53_musl/linux-qualcommax_ipq60xx/image-ipq6000-m2.dtb.tmp
aarch64-openwrt-linux-musl-cpp -nostdinc -x assembler-with-cpp  -I/mnt/build_wrt/build_dir/target-aarch64_cortex-a53_musl/linux-qualcommax_ipq60xx/linux-6.18.44/arch/arm64/boot/dts/qcom -I/mnt/build_wrt/build_dir/target-aarch64_cortex-a53_musl/linux-qualcommax_ipq60xx/linux-6.18.44/arch/arm64/boot/dts/qcom/include -I/mnt/build_wrt/build_dir/target-aarch64_cortex-a53_musl/linux-qualcommax_ipq60xx/linux-6.18.44/include/ -I/mnt/build_wrt/build_dir/target-aarch64_cortex-a53_musl/linux-qualcommax_ipq60xx/linux-6.18.44/scripts/dtc/include-prefixes -undef -D__DTS__  -o /mnt/build_wrt/build_dir/target-aarch64_cortex-a53_musl/linux-qualcommax_ipq60xx/image-ipq6010-ly1800.dtb.tmp ../dts/ipq6010-ly1800.dts
/mnt/build_wrt/build_dir/target-aarch64_cortex-a53_musl/linux-qualcommax_ipq60xx/linux-6.18.44/scripts/dtc/dtc -O dtb -i../dts/ -Wno-interrupt_provider -Wno-unique_unit_address -Wno-unit_address_vs_reg -Wno-avoid_unnecessary_addr_size -Wno-alias_paths -Wno-graph_child_address -Wno-simple_bus_reg    -o /mnt/build_wrt/build_dir/target-aarch64_cortex-a53_musl/linux-qualcommax_ipq60xx/image-ipq6010-ly1800.dtb /mnt/build_wrt/build_dir/target-aarch64_cortex-a53_musl/linux-qualcommax_ipq60xx/image-ipq6010-ly1800.dtb.tmp
rm -f /mnt/build_wrt/build_dir/target-aarch64_cortex-a53_musl/linux-qualcommax_ipq60xx/image-ipq6010-ly1800.dtb.tmp
aarch64-openwrt-linux-musl-cpp -nostdinc -x assembler-with-cpp  -I/mnt/build_wrt/build_dir/target-aarch64_cortex-a53_musl/linux-qualcommax_ipq60xx/linux-6.18.44/arch/arm64/boot/dts/qcom -I/mnt/build_wrt/build_dir/target-aarch64_cortex-a53_musl/linux-qualcommax_ipq60xx/linux-6.18.44/arch/arm64/boot/dts/qcom/include -I/mnt/build_wrt/build_dir/target-aarch64_cortex-a53_musl/linux-qualcommax_ipq60xx/linux-6.18.44/include/ -I/mnt/build_wrt/build_dir/target-aarch64_cortex-a53_musl/linux-qualcommax_ipq60xx/linux-6.18.44/scripts/dtc/include-prefixes -undef -D__DTS__  -o /mnt/build_wrt/build_dir/target-aarch64_cortex-a53_musl/linux-qualcommax_ipq60xx/image-ipq6000-ax5-jdcloud.dtb.tmp ../dts/ipq6000-ax5-jdcloud.dts
/mnt/build_wrt/build_dir/target-aarch64_cortex-a53_musl/linux-qualcommax_ipq60xx/linux-6.18.44/scripts/dtc/dtc -O dtb -i../dts/ -Wno-interrupt_provider -Wno-unique_unit_address -Wno-unit_address_vs_reg -Wno-avoid_unnecessary_addr_size -Wno-alias_paths -Wno-graph_child_address -Wno-simple_bus_reg    -o /mnt/build_wrt/build_dir/target-aarch64_cortex-a53_musl/linux-qualcommax_ipq60xx/image-ipq6000-ax5-jdcloud.dtb /mnt/build_wrt/build_dir/target-aarch64_cortex-a53_musl/linux-qualcommax_ipq60xx/image-ipq6000-ax5-jdcloud.dtb.tmp
rm -f /mnt/build_wrt/build_dir/target-aarch64_cortex-a53_musl/linux-qualcommax_ipq60xx/image-ipq6000-ax5-jdcloud.dtb.tmp
aarch64-openwrt-linux-musl-cpp -nostdinc -x assembler-with-cpp  -I/mnt/build_wrt/build_dir/target-aarch64_cortex-a53_musl/linux-qualcommax_ipq60xx/linux-6.18.44/arch/arm64/boot/dts/qcom -I/mnt/build_wrt/build_dir/target-aarch64_cortex-a53_musl/linux-qualcommax_ipq60xx/linux-6.18.44/arch/arm64/boot/dts/qcom/include -I/mnt/build_wrt/build_dir/target-aarch64_cortex-a53_musl/linux-qualcommax_ipq60xx/linux-6.18.44/include/ -I/mnt/build_wrt/build_dir/target-aarch64_cortex-a53_musl/linux-qualcommax_ipq60xx/linux-6.18.44/scripts/dtc/include-prefixes -undef -D__DTS__  -o /mnt/build_wrt/build_dir/target-aarch64_cortex-a53_musl/linux-qualcommax_ipq60xx/image-ipq6010-y6010.dtb.tmp ../dts/ipq6010-y6010.dts
/mnt/build_wrt/build_dir/target-aarch64_cortex-a53_musl/linux-qualcommax_ipq60xx/linux-6.18.44/scripts/dtc/dtc -O dtb -i../dts/ -Wno-interrupt_provider -Wno-unique_unit_address -Wno-unit_address_vs_reg -Wno-avoid_unnecessary_addr_size -Wno-alias_paths -Wno-graph_child_address -Wno-simple_bus_reg    -o /mnt/build_wrt/build_dir/target-aarch64_cortex-a53_musl/linux-qualcommax_ipq60xx/image-ipq6010-y6010.dtb /mnt/build_wrt/build_dir/target-aarch64_cortex-a53_musl/linux-qualcommax_ipq60xx/image-ipq6010-y6010.dtb.tmp
rm -f /mnt/build_wrt/build_dir/target-aarch64_cortex-a53_musl/linux-qualcommax_ipq60xx/image-ipq6010-y6010.dtb.tmp
mkdir -p /mnt/build_wrt/bin/targets/qualcommax/ipq60xx /mnt/build_wrt/build_dir/target-aarch64_cortex-a53_musl/linux-qualcommax_ipq60xx/tmp
rm -rf /mnt/build_wrt/build_dir/target-aarch64_cortex-a53_musl/json_info_files
/mnt/build_wrt/staging_dir/host/bin/mksquashfs4 /mnt/build_wrt/build_dir/target-aarch64_cortex-a53_musl/root-qualcommax /mnt/build_wrt/build_dir/target-aarch64_cortex-a53_musl/linux-qualcommax_ipq60xx/root.squashfs -nopad -noappend -root-owned -comp xz -Xpreset 9 -Xe -Xlc 0 -Xlp 2 -Xpb 2  -b 256k -p '/dev d 755 0 0' -p '/dev/console c 600 0 0 5 1' -no-xattrs -block-readers 4 -small-readers 4
Pseudo file "dev" exists in source filesystem "/mnt/build_wrt/build_dir/target-aarch64_cortex-a53_musl/root-qualcommax/dev".
Ignoring, exclude it (-e/-ef) to override.
Parallel mksquashfs: Using 4 processors
Creating 4.0 filesystem on /mnt/build_wrt/build_dir/target-aarch64_cortex-a53_musl/linux-qualcommax_ipq60xx/root.squashfs, block size 262144.
[|                                                             ]    0/5711   0%[=============================================================\] 6011/6011 100%

Exportable Squashfs 4.0 filesystem, xz compressed, data block size 262144
	compressed data, compressed metadata, compressed fragments,
	no xattrs, compressed ids
	duplicates are removed
Filesystem size 168408.98 Kbytes (164.46 Mbytes)
	27.73% of uncompressed filesystem size (607270.27 Kbytes)
Inode table size 40034 bytes (39.10 Kbytes)
	23.83% of uncompressed inode table size (167982 bytes)
Directory table size 48900 bytes (47.75 Kbytes)
	45.04% of uncompressed directory table size (108578 bytes)
Number of duplicate files found 221
Number of inodes 4645
Number of files 3597
Number of fragments 207
Number of symbolic links 733
Number of device nodes 1
Number of fifo nodes 0
Number of socket nodes 0
Number of directories 314
Number of hard-links 0
Number of ids (unique uids + gids) 1
Number of uids 1
	root (0)
Number of gids 1
	root (0)
rm -f /mnt/build_wrt/build_dir/target-aarch64_cortex-a53_musl/linux-qualcommax_ipq60xx/jdcloud_re-cs-02-uImage.itb
cp /mnt/build_wrt/build_dir/target-aarch64_cortex-a53_musl/linux-qualcommax_ipq60xx/Image /mnt/build_wrt/build_dir/target-aarch64_cortex-a53_musl/linux-qualcommax_ipq60xx/jdcloud_re-cs-02-uImage.itb
/mnt/build_wrt/staging_dir/host/bin/libdeflate-gzip -f -12 -c /mnt/build_wrt/build_dir/target-aarch64_cortex-a53_musl/linux-qualcommax_ipq60xx/jdcloud_re-cs-02-uImage.itb  > /mnt/build_wrt/build_dir/target-aarch64_cortex-a53_musl/linux-qualcommax_ipq60xx/jdcloud_re-cs-02-uImage.itb.new
/mnt/build_wrt/scripts/mkits.sh -D jdcloud_re-cs-02 -o /mnt/build_wrt/build_dir/target-aarch64_cortex-a53_musl/linux-qualcommax_ipq60xx/jdcloud_re-cs-02-uImage.itb.its -k /mnt/build_wrt/build_dir/target-aarch64_cortex-a53_musl/linux-qualcommax_ipq60xx/jdcloud_re-cs-02-uImage.itb -C gzip   -d /mnt/build_wrt/build_dir/target-aarch64_cortex-a53_musl/linux-qualcommax_ipq60xx/image-ipq6010-re-cs-02.dtb   -a 0x41000000 -e 0x41000000     -c config@cp03-c3 -A arm64 -v 6.18.44
SHELL= flock /mnt/build_wrt/tmp/.gen-cpio.c4e4fd53.flock -c 'PATH=/mnt/build_wrt/build_dir/target-aarch64_cortex-a53_musl/linux-qualcommax_ipq60xx/linux-6.18.44/scripts/dtc:/mnt/build_wrt/staging_dir/toolchain-aarch64_cortex-a53_gcc-14.4.0_musl/bin:/mnt/build_wrt/staging_dir/toolchain-aarch64_cortex-a53_gcc-14.4.0_musl/bin:/mnt/build_wrt/staging_dir/toolchain-aarch64_cortex-a53_gcc-14.4.0_musl/bin:/mnt/build_wrt/staging_dir/toolchain-aarch64_cortex-a53_gcc-14.4.0_musl/bin:/mnt/build_wrt/staging_dir/host/bin:/mnt/build_wrt/staging_dir/toolchain-aarch64_cortex-a53_gcc-14.4.0_musl/bin:/mnt/build_wrt/staging_dir/host/bin:/mnt/build_wrt/staging_dir/host/bin:/snap/bin:/home/runner/.local/bin:/opt/pipx_bin:/home/runner/.cargo/bin:/home/runner/.config/composer/vendor/bin:/usr/local/.ghcup/bin:/home/runner/.dotnet/tools:/usr/local/sbin:/usr/local/bin:/usr/sbin:/usr/bin:/sbin:/bin:/usr/games:/usr/local/games:/snap/bin mkimage  -f /mnt/build_wrt/build_dir/target-aarch64_cortex-a53_musl/linux-qualcommax_ipq60xx/jdcloud_re-cs-02-uImage.itb.its /mnt/build_wrt/build_dir/target-aarch64_cortex-a53_musl/linux-qualcommax_ipq60xx/jdcloud_re-cs-02-uImage.itb.new'
/mnt/build_wrt/build_dir/target-aarch64_cortex-a53_musl/linux-qualcommax_ipq60xx/jdcloud_re-cs-02-uImage.itb.its:48.18-55.5: Warning (unit_address_vs_reg): /configurations/config@cp03-c3: node has a unit name, but no reg or ranges property
FIT description: ARM64 OpenWrt FIT (Flattened Image Tree)
Created:         Mon Sep  7 05:10:52 2026
 Image 0 (kernel-1)
  Description:  ARM64 OpenWrt Linux-6.18.44
  Created:      Mon Sep  7 05:10:52 2026
  Type:         Kernel Image
  Compression:  gzip compressed
  Data Size:    6338906 Bytes = 6190.34 KiB = 6.05 MiB
  Architecture: AArch64
  OS:           Linux
  Load Address: 0x41000000
  Entry Point:  0x41000000
  Hash algo:    crc32
  Hash value:   0fd1f3c7
  Hash algo:    sha1
  Hash value:   c01563d709a57cd11ef87bf252e92a8764e9ae67
 Image 1 (fdt-1)
  Description:  ARM64 OpenWrt jdcloud_re-cs-02 device tree blob
  Created:      Mon Sep  7 05:10:52 2026
  Type:         Flat Device Tree
  Compression:  uncompressed
  Data Size:    38283 Bytes = 37.39 KiB = 0.04 MiB
  Architecture: AArch64
  Hash algo:    crc32
  Hash value:   5c5854ce
  Hash algo:    sha1
  Hash value:   401cf25420f749da7870e636d6455c5c69fd3917
 Default Configuration: 'config@cp03-c3'
 Configuration 0 (config@cp03-c3)
  Description:  OpenWrt jdcloud_re-cs-02
  Kernel:       kernel-1
  FDT:          fdt-1
    WARNING: Image file /mnt/build_wrt/build_dir/target-aarch64_cortex-a53_musl/linux-qualcommax_ipq60xx/jdcloud_re-cs-02-uImage.itb is too big: 6378592 > 6291456
rm -rf /mnt/build_wrt/build_dir/target-aarch64_cortex-a53_musl/linux-qualcommax_ipq60xx/target-dir-c4e4fd53
cp -fpR /mnt/build_wrt/build_dir/target-aarch64_cortex-a53_musl/root.orig-qualcommax /mnt/build_wrt/build_dir/target-aarch64_cortex-a53_musl/linux-qualcommax_ipq60xx/target-dir-c4e4fd53
IPKG_INSTROOT=/mnt/build_wrt/build_dir/target-aarch64_cortex-a53_musl/linux-qualcommax_ipq60xx/target-dir-c4e4fd53 /mnt/build_wrt/staging_dir/host/bin/fakeroot /mnt/build_wrt/staging_dir/host/bin/apk --root /mnt/build_wrt/build_dir/target-aarch64_cortex-a53_musl/linux-qualcommax_ipq60xx/target-dir-c4e4fd53 --keys-dir /mnt/build_wrt --no-logfile --preserve-env --no-scripts --repositories-file /dev/null --repository file:///mnt/build_wrt/staging_dir/packages/qualcommax/packages.adb add ipq-wifi-jdcloud_re-cs-02 ath11k-firmware-qcn9074-ddwrt luci-app-athena-led luci-i18n-athena-led-zh-cn
(1/2) Installing ath11k-firmware-qcn9074-ddwrt (2026.08.21~0c817c46-r1)
(2/2) Installing ipq-wifi-jdcloud_re-cs-02 (2026.09.03~f2c37a6b-r1)
OK: 597.5 MiB in 567 packages
add alternative: /bin/base64 -> /usr/libexec/base64-coreutils
add alternative: /usr/bin/nohup -> /usr/libexec/nohup-coreutils
add alternative: /bin/stat -> /usr/libexec/stat-coreutils
add alternative: /usr/bin/timeout -> /usr/libexec/timeout-coreutils
add alternative: /usr/bin/scp -> /usr/sbin/dropbear
add alternative: /usr/bin/ssh -> /usr/sbin/dropbear
add alternative: /usr/bin/flock -> /usr/bin/util-linux-flock
add alternative: /sbin/ip -> /usr/libexec/ip-full
add alternative: /usr/sbin/ip6tables -> xtables-nft-multi
add alternative: /usr/sbin/ip6tables-restore -> xtables-nft-multi
add alternative: /usr/sbin/ip6tables-save -> xtables-nft-multi
add alternative: /usr/sbin/ip6tables-nft -> xtables-nft-multi
add alternative: /usr/sbin/ip6tables-nft-restore -> xtables-nft-multi
add alternative: /usr/sbin/ip6tables-nft-save -> xtables-nft-multi
add alternative: /usr/sbin/ip6tables-restore-translate -> xtables-nft-multi
add alternative: /usr/sbin/ip6tables-translate -> xtables-nft-multi
add alternative: /usr/sbin/iptables -> xtables-nft-multi
add alternative: /usr/sbin/iptables-restore -> xtables-nft-multi
add alternative: /usr/sbin/iptables-save -> xtables-nft-multi
add alternative: /usr/sbin/iptables-nft -> xtables-nft-multi
add alternative: /usr/sbin/iptables-nft-restore -> xtables-nft-multi
add alternative: /usr/sbin/iptables-nft-save -> xtables-nft-multi
add alternative: /usr/sbin/iptables-restore-translate -> xtables-nft-multi
add alternative: /usr/sbin/iptables-translate -> xtables-nft-multi
add alternative: /sbin/logread -> /usr/libexec/logread-ubox
/mnt/build_wrt/build_dir/target-aarch64_cortex-a53_musl/linux-qualcommax_ipq60xx/target-dir-c4e4fd53/etc/init.d/gecoosac: line 3: /lib/functions.sh: No such file or directory
/mnt/build_wrt/build_dir/target-aarch64_cortex-a53_musl/linux-qualcommax_ipq60xx/target-dir-c4e4fd53/etc/init.d/gecoosac: line 4: /lib/functions/procd.sh: No such file or directory
/mnt/build_wrt/build_dir/target-aarch64_cortex-a53_musl/linux-qualcommax_ipq60xx/target-dir-c4e4fd53/etc/init.d/gecoosac: line 5: /usr/share/gecoosac/runtime.sh: No such file or directory
/mnt/build_wrt/build_dir/target-aarch64_cortex-a53_musl/linux-qualcommax_ipq60xx/target-dir-c4e4fd53/etc/init.d/homeproxy: line 25: uci: command not found
/mnt/build_wrt/build_dir/target-aarch64_cortex-a53_musl/linux-qualcommax_ipq60xx/target-dir-c4e4fd53/usr/share/openclash/uci.sh: line 2: /lib/functions.sh: No such file or directory
/mnt/build_wrt/build_dir/target-aarch64_cortex-a53_musl/linux-qualcommax_ipq60xx/target-dir-c4e4fd53/usr/share/openclash/uci.sh: line 2: /lib/functions.sh: No such file or directory
/mnt/build_wrt/build_dir/target-aarch64_cortex-a53_musl/linux-qualcommax_ipq60xx/target-dir-c4e4fd53/usr/share/openclash/openclash_curl.sh: line 2: /usr/share/openclash/log.sh: No such file or directory
/mnt/build_wrt/build_dir/target-aarch64_cortex-a53_musl/linux-qualcommax_ipq60xx/target-dir-c4e4fd53/usr/share/openclash/openclash_curl.sh: line 3: /usr/share/openclash/openclash_etag.sh: No such file or directory
/mnt/build_wrt/build_dir/target-aarch64_cortex-a53_musl/linux-qualcommax_ipq60xx/target-dir-c4e4fd53/usr/share/passwall/utils.sh: line 32: /lib/functions/network.sh: No such file or directory
/mnt/build_wrt/build_dir/target-aarch64_cortex-a53_musl/linux-qualcommax_ipq60xx/target-dir-c4e4fd53/etc/init.d/wolultra: line 3: /lib/functions.sh: No such file or directory
add alternative: /usr/bin/mihomo -> /usr/libexec/mihomo
add alternative: /usr/bin/ssh-keygen -> /usr/libexec/ssh-keygen-openssh
add alternative: /sbin/rmmod -> /sbin/kmodloader
add alternative: /sbin/insmod -> /sbin/kmodloader
add alternative: /sbin/lsmod -> /sbin/kmodloader
add alternative: /sbin/modinfo -> /sbin/kmodloader
add alternative: /sbin/modprobe -> /sbin/kmodloader
add alternative: /usr/bin/wget -> /bin/uclient-fetch
add alternative: /usr/bin/lsusb -> /usr/libexec/lsusb-usbutils
Enabling athena_led
Enabling autoreboot
Enabling avahi-daemon
Enabling boot
Enabling bootcount
Enabling cpufreq
Enabling cron
Enabling dbus
Enabling dnsmasq
Enabling dockerd
Enabling done
Enabling dropbear
Enabling etherwake
Enabling firewall
Enabling fstab
./etc/init.d/gecoosac: line 3: /lib/functions.sh: No such file or directory
./etc/init.d/gecoosac: line 4: /lib/functions/procd.sh: No such file or directory
./etc/init.d/gecoosac: line 5: /usr/share/gecoosac/runtime.sh: No such file or directory
Enabling gecoosac
Enabling gpio_switch
Enabling haproxy
./etc/init.d/homeproxy: line 25: uci: command not found
Enabling homeproxy
Enabling led
Enabling log
Enabling microsocks
Enabling miniupnpd
Enabling network
Enabling nikki
Enabling nss_freq
Enabling odhcpd
/mnt/build_wrt/build_dir/target-aarch64_cortex-a53_musl/linux-qualcommax_ipq60xx/target-dir-c4e4fd53/usr/share/openclash/uci.sh: line 2: /lib/functions.sh: No such file or directory
/mnt/build_wrt/build_dir/target-aarch64_cortex-a53_musl/linux-qualcommax_ipq60xx/target-dir-c4e4fd53/usr/share/openclash/uci.sh: line 2: /lib/functions.sh: No such file or directory
/mnt/build_wrt/build_dir/target-aarch64_cortex-a53_musl/linux-qualcommax_ipq60xx/target-dir-c4e4fd53/usr/share/openclash/openclash_curl.sh: line 2: /usr/share/openclash/log.sh: No such file or directory
/mnt/build_wrt/build_dir/target-aarch64_cortex-a53_musl/linux-qualcommax_ipq60xx/target-dir-c4e4fd53/usr/share/openclash/openclash_curl.sh: line 3: /usr/share/openclash/openclash_etag.sh: No such file or directory
Enabling openclash
Enabling openssl
Enabling packet_steering
/mnt/build_wrt/build_dir/target-aarch64_cortex-a53_musl/linux-qualcommax_ipq60xx/target-dir-c4e4fd53/usr/share/passwall/utils.sh: line 32: /lib/functions/network.sh: No such file or directory
Enabling passwall
Enabling passwall_server
Enabling qca-nss-drv
Enabling qca-nss-ecm
Enabling qca-nss-netlink
Enabling qca-nss-pbuf
Enabling qmodem-settings
Enabling qmodem-smsd
Enabling qmodem_init
Enabling qmodem_led
Enabling qmodem_network
Enabling qmodem_reboot
Enabling qmodem_usage_stats
Enabling radius
Enabling relayd
Enabling rpcd
Enabling samba4
Enabling set-irq-affinity
Enabling sing-box
Enabling skb_recycler
Enabling smp_affinity
Enabling sms_forwarder
Enabling sysctl
Enabling sysfixtime
Enabling sysntpd
Enabling system
Enabling ttyd
Enabling ubihealthd
Enabling ubus-at-daemon
Enabling ucitrack
Enabling uhttpd
Enabling umount
Enabling urandom_seed
Enabling urngd
Enabling usbmode
Enabling usbmuxd
./etc/init.d/wolultra: line 3: /lib/functions.sh: No such file or directory
Enabling wolultra
Enabling wpad
Enabling wsdd2
Enabling xray
rm -rf /mnt/build_wrt/build_dir/target-aarch64_cortex-a53_musl/linux-qualcommax_ipq60xx/target-dir-c4e4fd53/boot /mnt/build_wrt/build_dir/target-aarch64_cortex-a53_musl/linux-qualcommax_ipq60xx/target-dir-c4e4fd53/tmp/* /mnt/build_wrt/build_dir/target-aarch64_cortex-a53_musl/linux-qualcommax_ipq60xx/target-dir-c4e4fd53/lib/apk/db/*.post-install* /mnt/build_wrt/build_dir/target-aarch64_cortex-a53_musl/linux-qualcommax_ipq60xx/target-dir-c4e4fd53/usr/lib/opkg/info/*.postinst* /mnt/build_wrt/build_dir/target-aarch64_cortex-a53_musl/linux-qualcommax_ipq60xx/target-dir-c4e4fd53/usr/lib/opkg/lists/* /mnt/build_wrt/build_dir/target-aarch64_cortex-a53_musl/linux-qualcommax_ipq60xx/target-dir-c4e4fd53/var/lock/*.lock
find /mnt/build_wrt/build_dir/target-aarch64_cortex-a53_musl/linux-qualcommax_ipq60xx/target-dir-c4e4fd53/ -mindepth 1 -execdir touch -hcd "@1788757852" "{}" +
/mnt/build_wrt/staging_dir/host/bin/mksquashfs4 /mnt/build_wrt/build_dir/target-aarch64_cortex-a53_musl/linux-qualcommax_ipq60xx/target-dir-c4e4fd53 /mnt/build_wrt/build_dir/target-aarch64_cortex-a53_musl/linux-qualcommax_ipq60xx/root.squashfs+pkg=c4e4fd53 -nopad -noappend -root-owned -comp xz -Xpreset 9 -Xe -Xlc 0 -Xlp 2 -Xpb 2  -b 256k -p '/dev d 755 0 0' -p '/dev/console c 600 0 0 5 1' -no-xattrs -block-readers 4 -small-readers 4
Pseudo file "dev" exists in source filesystem "/mnt/build_wrt/build_dir/target-aarch64_cortex-a53_musl/linux-qualcommax_ipq60xx/target-dir-c4e4fd53/dev".
Ignoring, exclude it (-e/-ef) to override.
Parallel mksquashfs: Using 4 processors
Creating 4.0 filesystem on /mnt/build_wrt/build_dir/target-aarch64_cortex-a53_musl/linux-qualcommax_ipq60xx/root.squashfs+pkg=c4e4fd53, block size 262144.
[|                                                             ]    0/5735   0%[==============================================-               ] 4600/6036  76%[=============================================================|] 6036/6036 100%

Exportable Squashfs 4.0 filesystem, xz compressed, data block size 262144
	compressed data, compressed metadata, compressed fragments,
	no xattrs, compressed ids
	duplicates are removed
Filesystem size 170272.25 Kbytes (166.28 Mbytes)
	27.83% of uncompressed filesystem size (611853.56 Kbytes)
Inode table size 40110 bytes (39.17 Kbytes)
	23.80% of uncompressed inode table size (168506 bytes)
Directory table size 49032 bytes (47.88 Kbytes)
	45.02% of uncompressed directory table size (108907 bytes)
Number of duplicate files found 222
Number of inodes 4659
Number of files 3606
Number of fragments 208
Number of symbolic links 733
Number of device nodes 1
Number of fifo nodes 0
Number of socket nodes 0
Number of directories 319
Number of hard-links 0
Number of ids (unique uids + gids) 1
Number of uids 1
	root (0)
Number of gids 1
	root (0)
[ -f /mnt/build_wrt/build_dir/target-aarch64_cortex-a53_musl/linux-qualcommax_ipq60xx/jdcloud_re-cs-02-uImage.itb -a -f /mnt/build_wrt/build_dir/target-aarch64_cortex-a53_musl/linux-qualcommax_ipq60xx/root.squashfs+pkg=c4e4fd53 ]
make[5]: *** [Makefile:42: /mnt/build_wrt/build_dir/target-aarch64_cortex-a53_musl/linux-qualcommax_ipq60xx/tmp/immortalwrt-qualcommax-ipq60xx-jdcloud_re-cs-02-squashfs-sysupgrade.bin] Error 1
make[5]: Leaving directory '/mnt/build_wrt/target/linux/qualcommax/image'
make[4]: *** [Makefile:38: install] Error 2
make[4]: Leaving directory '/mnt/build_wrt/target/linux/qualcommax'
make[3]: *** [Makefile:12: install] Error 2
make[3]: Leaving directory '/mnt/build_wrt/target/linux'
time: target/linux/install#416.46#12.84#127.10
    ERROR: target/linux failed to build.
make[2]: *** [target/Makefile:32: target/linux/install] Error 1
make[2]: Leaving directory '/mnt/build_wrt'
make[1]: *** [target/Makefile:26: /mnt/build_wrt/staging_dir/target-aarch64_cortex-a53_musl/stamp/.target_install] Error 2
make[1]: Leaving directory '/mnt/build_wrt'
make: *** [/mnt/build_wrt/include/toplevel.mk:233: world] Error 2

--- RECENT ERROR LOGS IN BUILD DIR ---
=== File: ./wrt/build_dir/host/cmake-4.4.0/Tests/RunCMake/CTestResourceAllocation/ctresalloc-verify-good2.log ===
=== File: ./wrt/build_dir/host/cmake-4.4.0/Tests/RunCMake/CTestResourceAllocation/ctresalloc-verify-nores.log ===
alloc gpus 0 1
dealloc gpus 0 1
=== File: ./wrt/build_dir/host/cmake-4.4.0/Tests/RunCMake/CTestResourceAllocation/ctresalloc-verify-badtest1.log ===
begin test1
=== File: ./wrt/build_dir/host/cmake-4.4.0/Tests/RunCMake/CTestResourceAllocation/ctresalloc-verify-badtest2.log ===
begin test1
begin test1
=== File: ./wrt/build_dir/host/cmake-4.4.0/Tests/RunCMake/CTestResourceAllocation/ctresalloc-verify-noend.log ===
begin test1
=== File: ./wrt/build_dir/host/cmake-4.4.0/Tests/RunCMake/CTestResourceAllocation/ctresalloc-verify-badtest5.log ===
end test1
=== File: ./wrt/build_dir/host/cmake-4.4.0/Tests/RunCMake/CTestResourceAllocation/ctresalloc-verify-leak.log ===
alloc widgets 0 1
=== File: ./wrt/build_dir/host/cmake-4.4.0/Tests/RunCMake/CTestResourceAllocation/ctresalloc-verify-badtest3.log ===
begin test1
end test1
begin test1
=== File: ./wrt/build_dir/host/cmake-4.4.0/Tests/RunCMake/CTestResourceAllocation/ctresalloc-verify-baddealloc.log ===
alloc widgets 0 1
dealloc widgets 0 2
=== File: ./wrt/build_dir/host/cmake-4.4.0/Tests/RunCMake/CTestResourceAllocation/ctresalloc-verify-badtest4.log ===
begin test1
end test1
end test1
=== File: ./wrt/build_dir/host/bc-1.08.2/config.log ===
am__fastdepCC_FALSE=''
am__fastdepCC_TRUE='#'
am__include='include'
am__isrc=''
am__leading_dot='.'
am__nodep=''
am__quote=''
am__rm_f_notfound=''
am__tar='$${TAR-tar} chof - "$$tardir"'
am__untar='$${TAR-tar} xf -'
am__xargs_n='xargs -n'
bindir='${exec_prefix}/bin'
build_alias='x86_64-pc-linux-gnu'
datadir='${datarootdir}'
datarootdir='${prefix}/share'
docdir='${datarootdir}/doc/${PACKAGE_TARNAME}'
dvidir='${docdir}'
exec_prefix='/mnt/build_wrt/staging_dir/host'
host_alias='x86_64-pc-linux-gnu'
htmldir='${docdir}'
includedir='${prefix}/include'
infodir='${datarootdir}/info'
install_sh='${SHELL} /mnt/build_wrt/build_dir/host/bc-1.08.2/install-sh'
libdir='${exec_prefix}/lib'
libexecdir='${exec_prefix}/libexec'
localedir='${datarootdir}/locale'
localstatedir='/mnt/build_wrt/staging_dir/host/var'
mandir='${datarootdir}/man'
mkdir_p='$(MKDIR_P)'
oldincludedir='/usr/include'
pdfdir='${docdir}'
prefix='/mnt/build_wrt/staging_dir/host'
program_transform_name='s&$$&&;s&^&&'
psdir='${docdir}'
runstatedir='${localstatedir}/run'
sbindir='/mnt/build_wrt/staging_dir/host/bin'
sharedstatedir='${prefix}/com'
sysconfdir='/mnt/build_wrt/staging_dir/host/etc'
target_alias='x86_64-pc-linux-gnu'

## ----------- ##
## confdefs.h. ##
## ----------- ##

/* confdefs.h */
#define PACKAGE_NAME "bc"
#define PACKAGE_TARNAME "bc"
#define PACKAGE_VERSION "1.08.2"
#define PACKAGE_STRING "bc 1.08.2"
#define PACKAGE_BUGREPORT ""
#define PACKAGE_URL ""
#define PACKAGE "bc"
#define VERSION "1.08.2"
#define DC_VERSION "1.5.2"
#define BC_COPYRIGHT "Copyright 1991-1994, 1997, 1998, 2000, 2004, 2006, 2008, 2012-2018, 2024 Free Software Foundation, Inc."
#define DC_COPYRIGHT "Copyright 1994, 1997, 1998, 2000, 2001, 2003-2006, 2008, 2010, 2012-2018, 2022, 2024 Free Software Foundation, Inc."
#define HAVE_STDIO_H 1
#define HAVE_STDLIB_H 1
#define HAVE_STRING_H 1
#define HAVE_INTTYPES_H 1
#define HAVE_STDINT_H 1
#define HAVE_STRINGS_H 1
#define HAVE_SYS_STAT_H 1
#define HAVE_SYS_TYPES_H 1
#define HAVE_UNISTD_H 1
#define HAVE_WCHAR_H 1
#define HAVE_STDARG_H 1
#define HAVE_STDDEF_H 1
#define HAVE_ERRNO_H 1
#define HAVE_GETOPT_H 1
#define HAVE_LIMITS_H 1
#define STDC_HEADERS 1
#define _ALL_SOURCE 1
#define _DARWIN_C_SOURCE 1
#define _GNU_SOURCE 1
#define _HPUX_ALT_XOPEN_SOCKET_API 1
#define _NETBSD_SOURCE 1
#define _OPENBSD_SOURCE 1
#define _POSIX_PTHREAD_SEMANTICS 1
#define __STDC_WANT_IEC_60559_ATTRIBS_EXT__ 1
#define __STDC_WANT_IEC_60559_BFP_EXT__ 1
#define __STDC_WANT_IEC_60559_DFP_EXT__ 1
#define __STDC_WANT_IEC_60559_EXT__ 1
#define __STDC_WANT_IEC_60559_FUNCS_EXT__ 1
#define __STDC_WANT_IEC_60559_TYPES_EXT__ 1
#define __STDC_WANT_LIB_EXT2__ 1
#define __STDC_WANT_MATH_SPEC_FUNCS__ 1
#define _TANDEM_SOURCE 1
#define __EXTENSIONS__ 1
#define YYTEXT_POINTER 1
#define HAVE___ATTRIBUTE__ 1
#define HAVE_VPRINTF 1
#define HAVE_ISGRAPH 1
#define HAVE_SETVBUF 1
#define HAVE_FSTAT 1
#define HAVE_GETOPT_LONG 1
#define HAVE_STRTOL 1
#define ENABLE_DC_BANG_SHELL 1

configure: exit 0
=== File: ./wrt/build_dir/host/gmp-6.3.0/config.log ===
#define PACKAGE_STRING "GNU MP 6.3.0"
#define PACKAGE_BUGREPORT "gmp-bugs@gmplib.org (see https://gmplib.org/manual/Reporting-Bugs.html)"
#define PACKAGE_URL "https://www.gnu.org/software/gmp/"
#define PACKAGE "gmp"
#define VERSION "6.3.0"
#define WANT_FFT 1
#define HAVE_HOST_CPU_x86_64 1
#define HAVE_SPEED_CYCLECOUNTER 2
#define NO_ASM 1
#define HAVE_STDIO_H 1
#define HAVE_STDLIB_H 1
#define HAVE_STRING_H 1
#define HAVE_INTTYPES_H 1
#define HAVE_STDINT_H 1
#define HAVE_STRINGS_H 1
#define HAVE_SYS_STAT_H 1
#define HAVE_SYS_TYPES_H 1
#define HAVE_UNISTD_H 1
#define HAVE_SYS_TIME_H 1
#define STDC_HEADERS 1
#define HAVE_DLFCN_H 1
#define LT_OBJDIR ".libs/"
#define TIME_WITH_SYS_TIME 1
#define HAVE_FCNTL_H 1
#define HAVE_FLOAT_H 1
#define HAVE_LANGINFO_H 1
#define HAVE_LOCALE_H 1
#define HAVE_NL_TYPES_H 1
#define HAVE_SYS_MMAN_H 1
#define HAVE_SYS_PARAM_H 1
#define HAVE_SYS_SYSINFO_H 1
#define HAVE_SYS_TIME_H 1
#define HAVE_SYS_TIMES_H 1
#define HAVE_SYS_RESOURCE_H 1
#define HAVE_DECL_FGETC 1
#define HAVE_DECL_FSCANF 1
#define HAVE_DECL_OPTARG 1
#define HAVE_DECL_UNGETC 1
#define HAVE_DECL_VFPRINTF 1
#define HAVE_DECL_SYS_ERRLIST 0
#define HAVE_DECL_SYS_NERR 0
#define RETSIGTYPE void
#define HAVE_INTMAX_T 1
#define HAVE_LONG_DOUBLE 1
#define HAVE_LONG_LONG 1
#define HAVE_PTRDIFF_T 1
#define HAVE_QUAD_T 1
#define HAVE_UINT_LEAST32_T 1
#define HAVE_INTPTR_T 1
#define restrict __restrict__
#define HAVE_ATTRIBUTE_CONST 1
#define HAVE_ATTRIBUTE_MALLOC 1
#define HAVE_ATTRIBUTE_MODE 1
#define HAVE_ATTRIBUTE_NORETURN 1
#define HAVE_HIDDEN_ALIAS 1
#define HAVE_ALLOCA_H 1
#define HAVE_ALLOCA 1
#define WANT_TMP_ALLOCA 1
#define HAVE_LIMB_LITTLE_ENDIAN 1
#define HAVE_DOUBLE_IEEE_LITTLE_ENDIAN 1
#define HAVE_ALARM 1
#define HAVE_CLOCK 1
#define HAVE_GETPAGESIZE 1
#define HAVE_GETRUSAGE 1
#define HAVE_GETTIMEOFDAY 1
#define HAVE_LOCALECONV 1
#define HAVE_MEMSET 1
#define HAVE_MMAP 1
#define HAVE_MPROTECT 1
#define HAVE_NL_LANGINFO 1
#define HAVE_OBSTACK_VPRINTF 1
#define HAVE_POPEN 1
#define HAVE_RAISE 1
#define HAVE_SIGACTION 1
#define HAVE_SIGALTSTACK 1
#define HAVE_SIGSTACK 1
#define HAVE_STRCHR 1
#define HAVE_STRERROR 1
#define HAVE_STRNLEN 1
#define HAVE_STRTOL 1
#define HAVE_STRTOUL 1
#define HAVE_SYSCONF 1
#define HAVE_TIMES 1
#define HAVE_CLOCK_GETTIME 1
#define HAVE_VSNPRINTF 1
#define HAVE_SSTREAM 1
#define HAVE_STD__LOCALE 1
#define LSYM_PREFIX ".L"
#define HAVE_HOST_CPU_FAMILY_x86_64 1
#define GMP_MPARAM_H_SUGGEST "./mpn/generic/gmp-mparam.h"
#define SIZEOF_VOID_P 8
#define SIZEOF_UNSIGNED_SHORT 2
#define SIZEOF_UNSIGNED 4
#define SIZEOF_UNSIGNED_LONG 8
#define SIZEOF_MP_LIMB_T 8
#define TUNE_SQR_TOOM2_MAX SQR_TOOM2_MAX_GENERIC
#define HAVE_STACK_T 1
#define YYTEXT_POINTER 1

configure: exit 0
=== File: ./wrt/build_dir/host/tar-1.35/config.log ===
#define GNULIB_TEST_PRINTF 1
#define GNULIB_TEST_VFPRINTF 1
#define GNULIB_TEST_VPRINTF 1
#define GNULIB_TEST_FPUTC 1
#define GNULIB_TEST_PUTC 1
#define GNULIB_TEST_PUTCHAR 1
#define GNULIB_TEST_FPUTS 1
#define GNULIB_TEST_PUTS 1
#define GNULIB_TEST_FWRITE 1
#define HAVE_STPCPY 1
#define GNULIB_TEST_STPCPY 1
#define HAVE_STRCASECMP 1
#define HAVE_STRNCASECMP 1
#define HAVE_DECL_STRNCASECMP 1
#define HAVE_STRCHRNUL 1
#define GNULIB_TEST_STRCHRNUL 1
#define GNULIB_TEST_STRDUP 1
#define GNULIB_STRERROR 1
#define GNULIB_TEST_STRERROR 1
#define GNULIB_TEST_STRNDUP 1
#define GNULIB_TEST_STRNLEN 1
#define HAVE_STRTOL 1
#define GNULIB_TEST_STRTOL 1
#define HAVE_STRTOLL 1
#define GNULIB_TEST_STRTOLL 1
#define HAVE_STRTOUL 1
#define GNULIB_TEST_STRTOUL 1
#define HAVE_STRTOULL 1
#define GNULIB_TEST_STRTOULL 1
#define GNULIB_TEST_SYMLINK 1
#define HAVE_SYMLINKAT 1
#define GNULIB_TEST_SYMLINKAT 1
#define GNULIB_TEMPNAME 1
#define HAVE_DECL_LOCALTIME_R 1
#define GNULIB_TEST_TIME_R 1
#define GNULIB_TEST_TIME_RZ 1
#define HAVE_TIMEGM 1
#define GNULIB_TEST_TIMEGM 1
#define GNULIB_TEST_TZSET 1
#define GNULIB_TEST_UNLINK 1
#define GNULIB_TEST_UNLINKAT 1
#define UNLINK_CANNOT_UNLINK_DIR 1
#define GNULIB_STDIO_SINGLE_THREAD 1
#define USE_UNLOCKED_IO GNULIB_STDIO_SINGLE_THREAD
#define HAVE_UNSETENV 1
#define GNULIB_TEST_UNSETENV 1
#define HAVE_UTIME 1
#define GNULIB_TEST_UTIME 1
#define HAVE_FUTIMES 1
#define HAVE_FUTIMESAT 1
#define HAVE_LUTIMES 1
#define HAVE_FUTIMENS 1
#define HAVE_UTIMENSAT 1
#define HAVE_UTIMENSAT 1
#define GNULIB_TEST_UTIMENSAT 1
#define HAVE_C_VARARRAYS 1
#define HAVE_VASPRINTF 1
#define GNULIB_TEST_VASPRINTF 1
#define HAVE_VSNPRINTF 1
#define GNULIB_TEST_VSNPRINTF 1
#define GNULIB_TEST_WCRTOMB 1
#define HAVE_DECL_WCWIDTH 1
#define GNULIB_TEST_WCWIDTH 1
#define GNULIB_TEST_WMEMCHR 1
#define HAVE_WMEMPCPY 1
#define GNULIB_TEST_WMEMPCPY 1
#define GNULIB_TEST_WRITE 1
#define GNULIB_XALLOC 1
#define GNULIB_XALLOC_DIE 1
#define HAVE_STDINT_H 1
#define GNULIB_EXCLUDE_SINGLE_THREAD 1
#define GNULIB_MBRTOWC_SINGLE_THREAD 1
#define GNULIB_REGEX_SINGLE_THREAD 1
#define GNULIB_WCHAR_SINGLE_LOCALE 1
#define HAVE_SYS_MTIO_H 1
#define MTIO_CHECK_FIELD mt_type
#define HAVE_STRUCT_STAT_ST_BLKSIZE 1
#define HAVE_SYS_XATTR_H 1
#define HAVE_DECL_GETGRGID 1
#define HAVE_DECL_GETPWUID 1
#define HAVE_DECL_TIME 1
#define HAVE_WAITPID 1
#define HAVE_NETDB_H 1
#define COMPRESS_PROGRAM "compress"
#define GZIP_PROGRAM "gzip"
#define BZIP2_PROGRAM "bzip2"
#define LZIP_PROGRAM "lzip"
#define LZMA_PROGRAM "lzma"
#define LZOP_PROGRAM "lzop"
#define XZ_PROGRAM "xz"
#define ZSTD_PROGRAM "zstd"
#define DEFAULT_ARCHIVE_FORMAT GNU_FORMAT
#define DEFAULT_ARCHIVE "-"
#define DEFAULT_BLOCKING 20
#define DEFAULT_QUOTING_STYLE escape_quoting_style
#define HAVE_ICONV 1
#define ICONV_CONST 
#define HAVE_ICONV_H 1

configure: exit 0
=== File: ./wrt/build_dir/host/autoconf-archive-2023.02.20/config.log ===
ac_cv_path_install='/mnt/build_wrt/staging_dir/host/bin/install -c'
ac_cv_path_mkdir=/usr/bin/mkdir
ac_cv_prog_AWK=gawk
ac_cv_prog_make_make_set=yes
am_cv_make_support_nested_variables=yes

## ----------------- ##
## Output variables. ##
## ----------------- ##

ACLOCAL='${SHELL} '\''/mnt/build_wrt/build_dir/host/autoconf-archive-2023.02.20/build-aux/missing'\'' aclocal-1.16'
AMTAR='$${TAR-tar}'
AM_BACKSLASH='\'
AM_DEFAULT_V='$(AM_DEFAULT_VERBOSITY)'
AM_DEFAULT_VERBOSITY='1'
AM_V='$(V)'
AUTOCONF='${SHELL} '\''/mnt/build_wrt/build_dir/host/autoconf-archive-2023.02.20/build-aux/missing'\'' autoconf'
AUTOHEADER='${SHELL} '\''/mnt/build_wrt/build_dir/host/autoconf-archive-2023.02.20/build-aux/missing'\'' autoheader'
AUTOMAKE='${SHELL} '\''/mnt/build_wrt/build_dir/host/autoconf-archive-2023.02.20/build-aux/missing'\'' automake-1.16'
AWK='gawk'
CSCOPE='cscope'
CTAGS='ctags'
CYGPATH_W='echo'
DEFS='-DPACKAGE_NAME=\"GNU\ Autoconf\ Archive\" -DPACKAGE_TARNAME=\"autoconf-archive\" -DPACKAGE_VERSION=\"2023.02.20\" -DPACKAGE_STRING=\"GNU\ Autoconf\ Archive\ 2023.02.20\" -DPACKAGE_BUGREPORT=\"autoconf-archive-maintainers@gnu.org\" -DPACKAGE_URL=\"https://www.gnu.org/software/autoconf-archive/\" -DPACKAGE=\"autoconf-archive\" -DVERSION=\"2023.02.20\"'
ECHO_C=''
ECHO_N='-n'
ECHO_T=''
ETAGS='etags'
INSTALL_DATA='${INSTALL} -m 644'
INSTALL_PROGRAM='${INSTALL}'
INSTALL_SCRIPT='${INSTALL}'
INSTALL_STRIP_PROGRAM='$(install_sh) -c -s'
LIBOBJS=''
LIBS=''
LTLIBOBJS=''
M4FILES='m4/ax_absolute_header.m4 m4/ax_ac_append_to_file.m4 m4/ax_ac_print_to_file.m4 m4/ax_add_am_macro.m4 m4/ax_add_am_macro_static.m4 m4/ax_add_am_trilinos_makefile_export.m4 m4/ax_add_fortify_source.m4 m4/ax_add_recursive_am_macro.m4 m4/ax_add_recursive_am_macro_static.m4 m4/ax_afs.m4 m4/ax_am_jobserver.m4 m4/ax_am_macros.m4 m4/ax_am_macros_static.m4 m4/ax_am_override_var.m4 m4/ax_append_compile_flags.m4 m4/ax_append_flag.m4 m4/ax_append_link_flags.m4 m4/ax_append_to_file.m4 m4/ax_arg_with_path_style.m4 m4/ax_asm_inline.m4 m4/ax_at_check_pattern.m4 m4/ax_auto_include_headers.m4 m4/ax_berkeley_db.m4 m4/ax_berkeley_db_cxx.m4 m4/ax_blas.m4 m4/ax_blas_f77_func.m4 m4/ax_boost_asio.m4 m4/ax_boost_atomic.m4 m4/ax_boost_base.m4 m4/ax_boost_chrono.m4 m4/ax_boost_context.m4 m4/ax_boost_coroutine.m4 m4/ax_boost_date_time.m4 m4/ax_boost_filesystem.m4 m4/ax_boost_iostreams.m4 m4/ax_boost_json.m4 m4/ax_boost_locale.m4 m4/ax_boost_log.m4 m4/ax_boost_log_setup.m4 m4/ax_boost_process.m4 m4/ax_boost_program_options.m4 m4/ax_boost_python.m4 m4/ax_boost_random.m4 m4/ax_boost_regex.m4 m4/ax_boost_serialization.m4 m4/ax_boost_signals.m4 m4/ax_boost_system.m4 m4/ax_boost_test_exec_monitor.m4 m4/ax_boost_thread.m4 m4/ax_boost_unit_test_framework.m4 m4/ax_boost_wave.m4 m4/ax_boost_wserialization.m4 m4/ax_build_date_epoch.m4 m4/ax_c99_inline.m4 m4/ax_c___attribute__.m4 m4/ax_c_arithmetic_rshift.m4 m4/ax_c_compile_value.m4 m4/ax_c_declare_block.m4 m4/ax_c_float_words_bigendian.m4 m4/ax_c_long_long.m4 m4/ax_c_referenceable_passed_va_list.m4 m4/ax_c_restrict.m4 m4/ax_c_var_func.m4 m4/ax_cache_size.m4 m4/ax_caolan_check_package.m4 m4/ax_caolan_search_package.m4 m4/ax_cc_for_build.m4 m4/ax_cc_maxopt.m4 m4/ax_cf_ebcdic.m4 m4/ax_cflags_aix_option.m4 m4/ax_cflags_force_c89.m4 m4/ax_cflags_hpux_option.m4 m4/ax_cflags_irix_option.m4 m4/ax_cflags_no_writable_strings.m4 m4/ax_cflags_strict_prototypes.m4 m4/ax_cflags_sun_option.m4 m4/ax_cflags_warn_all.m4 m4/ax_check_aligned_access_required.m4 m4/ax_check_allocated_ctime.m4 m4/ax_check_awk__v.m4 m4/ax_check_awk__x_escapes.m4 m4/ax_check_awk_and.m4 m4/ax_check_awk_argind.m4 m4/ax_check_awk_array_delete.m4 m4/ax_check_awk_array_delete_elem.m4 m4/ax_check_awk_array_in.m4 m4/ax_check_awk_asort.m4 m4/ax_check_awk_asorti.m4 m4/ax_check_awk_associative_array.m4 m4/ax_check_awk_atan2.m4 m4/ax_check_awk_compl.m4 m4/ax_check_awk_conditional_expression.m4 m4/ax_check_awk_cos.m4 m4/ax_check_awk_environ.m4 m4/ax_check_awk_errno.m4 m4/ax_check_awk_exit.m4 m4/ax_check_awk_exp.m4 m4/ax_check_awk_gensub.m4 m4/ax_check_awk_getline.m4 m4/ax_check_awk_gsub.m4 m4/ax_check_awk_ignorecase.m4 m4/ax_check_awk_index.m4 m4/ax_check_awk_int.m4 m4/ax_check_awk_length.m4 m4/ax_check_awk_log.m4 m4/ax_check_awk_lshift.m4 m4/ax_check_awk_match_2parms.m4 m4/ax_check_awk_match_3parms.m4 m4/ax_check_awk_operator_multiply_multiply.m4 m4/ax_check_awk_operator_square.m4 m4/ax_check_awk_or.m4 m4/ax_check_awk_printf.m4 m4/ax_check_awk_rand.m4 m4/ax_check_awk_rshift.m4 m4/ax_check_awk_sin.m4 m4/ax_check_awk_split.m4 m4/ax_check_awk_sprintf.m4 m4/ax_check_awk_sqrt.m4 m4/ax_check_awk_srand.m4 m4/ax_check_awk_strftime.m4 m4/ax_check_awk_strtonum.m4 m4/ax_check_awk_sub.m4 m4/ax_check_awk_substr.m4 m4/ax_check_awk_system.m4 m4/ax_check_awk_systime.m4 m4/ax_check_awk_tolower.m4 m4/ax_check_awk_toupper.m4 m4/ax_check_awk_user_defined_functions.m4 m4/ax_check_awk_var_regexp.m4 m4/ax_check_awk_variable_value_pairs.m4 m4/ax_check_awk_xor.m4 m4/ax_check_class.m4 m4/ax_check_classpath.m4 m4/ax_check_compile_flag.m4 m4/ax_check_define.m4 m4/ax_check_docbook_dtd.m4 m4/ax_check_docbook_xslt.m4 m4/ax_check_docbook_xslt_min.m4 m4/ax_check_dos_filesys.m4 m4/ax_check_enable_debug.m4 m4/ax_check_func_in.m4 m4/ax_check_gd.m4 m4/ax_check_gir_symbols_gjs.m4 m4/ax_check_girs_gjs.m4 m4/ax_check_gl.m4 m4/ax_check_glu.m4 m4/ax_check_glut.m4 m4/ax_check_glx.m4 m4/ax_check_gnu_make.m4 m4/ax_check_icu.m4 m4/ax_check_java_home.m4 m4/ax_check_java_plugin.m4 m4/ax_check_junit.m4 m4/ax_check_library.m4 m4/ax_check_link_flag.m4 m4/ax_check_mysql.m4 m4/ax_check_mysql_db.m4 m4/ax_check_mysqlr.m4 m4/ax_check_off64_t.m4 m4/ax_check_openssl.m4 m4/ax_check_page_aligned_malloc.m4 m4/ax_check_pathfind.m4 m4/ax_check_pathname_style.m4 m4/ax_check_pcre2.m4 m4/ax_check_pgsql_db.m4 m4/ax_check_posix_regcomp.m4 m4/ax_check_posix_sysinfo.m4 m4/ax_check_postgres_db.m4 m4/ax_check_preproc_flag.m4 m4/ax_check_rqrd_class.m4 m4/ax_check_sign.m4 m4/ax_check_strcspn.m4 m4/ax_check_strftime.m4 m4/ax_check_struct_for.m4 m4/ax_check_symbol.m4 m4/ax_check_sys_siglist.m4 m4/ax_check_typedef.m4 m4/ax_check_uname_syscall.m4 m4/ax_check_user.m4 m4/ax_check_vscript.m4 m4/ax_check_x86_features.m4 m4/ax_check_zlib.m4 m4/ax_code_coverage.m4 m4/ax_compare_version.m4 m4/ax_compile_check_sizeof.m4 m4/ax_compiler_flags.m4 m4/ax_compiler_flags_cflags.m4 m4/ax_compiler_flags_cxxflags.m4 m4/ax_compiler_flags_gir.m4 m4/ax_compiler_flags_ldflags.m4 m4/ax_compiler_vendor.m4 m4/ax_compiler_version.m4 m4/ax_compute_relative_paths.m4 m4/ax_compute_standard_relative_paths.m4 m4/ax_cond_with_level.m4 m4/ax_config_feature.m4 m4/ax_configure_args.m4 m4/ax_count_cpus.m4 m4/ax_cpu_freq.m4 m4/ax_cpu_vendor.m4 m4/ax_create_generic_config.m4 m4/ax_create_pkgconfig_info.m4 m4/ax_create_stdint_h.m4 m4/ax_create_target_h.m4 m4/ax_cvs.m4 m4/ax_cxx_bool.m4 m4/ax_cxx_compile_stdcxx.m4 m4/ax_cxx_compile_stdcxx_0x.m4 m4/ax_cxx_compile_stdcxx_11.m4 m4/ax_cxx_compile_stdcxx_14.m4 m4/ax_cxx_compile_stdcxx_17.m4 m4/ax_cxx_complex_math_in_namespace_std.m4 m4/ax_cxx_const_cast.m4 m4/ax_cxx_cppflags_std_lang.m4 m4/ax_cxx_cxxflags_std_lang.m4 m4/ax_cxx_default_template_parameters.m4 m4/ax_cxx_delete_method.m4 m4/ax_cxx_dtor_after_atexit.m4 m4/ax_cxx_dynamic_cast.m4 m4/ax_cxx_enum_computations.m4 m4/ax_cxx_enum_computations_with_cast.m4 m4/ax_cxx_erase_iterator_type.m4 m4/ax_cxx_exceptions.m4 m4/ax_cxx_explicit.m4 m4/ax_cxx_explicit_instantiations.m4 m4/ax_cxx_explicit_template_function_qualification.m4 m4/ax_cxx_extern_template.m4 m4/ax_cxx_full_specialization_syntax.m4 m4/ax_cxx_function_nontype_parameters.m4 m4/ax_cxx_function_try_blocks.m4 m4/ax_cxx_gcc_abi_demangle.m4 m4/ax_cxx_gnucxx_hashmap.m4 m4/ax_cxx_have_bad_function_call.m4 m4/ax_cxx_have_bind.m4 m4/ax_cxx_have_bit_and.m4 m4/ax_cxx_have_bit_or.m4 m4/ax_cxx_have_bit_xor.m4 m4/ax_cxx_have_complex.m4 m4/ax_cxx_have_complex_math1.m4 m4/ax_cxx_have_complex_math2.m4 m4/ax_cxx_have_cref.m4 m4/ax_cxx_have_empty_iostream.m4 m4/ax_cxx_have_ext_hash_map.m4 m4/ax_cxx_have_ext_hash_set.m4 m4/ax_cxx_have_ext_slist.m4 m4/ax_cxx_have_freeze_sstream.m4 m4/ax_cxx_have_function.m4 m4/ax_cxx_have_hash.m4 m4/ax_cxx_have_ieee_math.m4 m4/ax_cxx_have_is_bind_expression.m4 m4/ax_cxx_have_is_placeholder.m4 m4/ax_cxx_have_koenig_lookup.m4 m4/ax_cxx_have_long_long_for_iostream.m4 m4/ax_cxx_have_mem_fn.m4 m4/ax_cxx_have_numeric_limits.m4 m4/ax_cxx_have_placeholders.m4 m4/ax_cxx_have_ref.m4 m4/ax_cxx_have_reference_wrapper.m4 m4/ax_cxx_have_sstream.m4 m4/ax_cxx_have_std.m4 m4/ax_cxx_have_stl.m4 m4/ax_cxx_have_string_push_back.m4 m4/ax_cxx_have_system_v_math.m4 m4/ax_cxx_have_valarray.m4 m4/ax_cxx_have_vector_at.m4 m4/ax_cxx_header_pre_stdcxx.m4 m4/ax_cxx_header_stdcxx_0x.m4 m4/ax_cxx_header_stdcxx_98.m4 m4/ax_cxx_header_stdcxx_tr1.m4 m4/ax_cxx_header_tr1_unordered_map.m4 m4/ax_cxx_header_tr1_unordered_set.m4 m4/ax_cxx_header_unordered_map.m4 m4/ax_cxx_header_unordered_set.m4 m4/ax_cxx_ldflags_std_lang.m4 m4/ax_cxx_member_constants.m4 m4/ax_cxx_member_templates.m4 m4/ax_cxx_member_templates_outside_class.m4 m4/ax_cxx_mutable.m4 m4/ax_cxx_namespace_std.m4 m4/ax_cxx_namespaces.m4 m4/ax_cxx_new_for_scoping.m4 m4/ax_cxx_old_for_scoping.m4 m4/ax_cxx_partial_ordering.m4 m4/ax_cxx_partial_specialization.m4 m4/ax_cxx_reinterpret_cast.m4 m4/ax_cxx_restrict_this.m4 m4/ax_cxx_rtti.m4 m4/ax_cxx_rvalue_references.m4 m4/ax_cxx_static_cast.m4 m4/ax_cxx_stlport_hashmap.m4 m4/ax_cxx_template_keyword_qualifier.m4 m4/ax_cxx_template_qualified_base_class.m4 m4/ax_cxx_template_qualified_return_type.m4 m4/ax_cxx_template_scoped_argument_matching.m4 m4/ax_cxx_templates.m4 m4/ax_cxx_templates_as_template_arguments.m4 m4/ax_cxx_typename.m4 m4/ax_cxx_use_numtrait.m4 m4/ax_cxx_var_prettyfunc.m4 m4/ax_cxx_verbose_terminate_handler.m4 m4/ax_czmq.m4 m4/ax_decl_wchar_max.m4 m4/ax_define_integer_bits.m4 m4/ax_define_sub_path.m4 m4/ax_dirname.m4 m4/ax_dist_msi.m4 m4/ax_dist_rpm.m4 m4/ax_dll_string.m4 m4/ax_elisp.m4 m4/ax_enable_builddir.m4 m4/ax_execinfo.m4 m4/ax_expand_prefix.m4 m4/ax_ext.m4 m4/ax_ext_check_header.m4 m4/ax_ext_have_lib.m4 m4/ax_extend_srcdir.m4 m4/ax_extra_dist.m4 m4/ax_f77_cmain_fflags.m4 m4/ax_f90_header.m4 m4/ax_f90_internal_headmod.m4 m4/ax_f90_library.m4 m4/ax_f90_library_setup.m4 m4/ax_f90_module.m4 m4/ax_f90_module_extension.m4 m4/ax_f90_module_flag.m4 m4/ax_fc_check_define.m4 m4/ax_file_escapes.m4 m4/ax_find_hamcrest.m4 m4/ax_find_junit.m4 m4/ax_find_scala_stdlib.m4 m4/ax_forceinline.m4 m4/ax_func_accept_argtypes.m4 m4/ax_func_getopt_long.m4 m4/ax_func_memmove.m4 m4/ax_func_mkdir.m4 m4/ax_func_posix_memalign.m4 m4/ax_func_snprintf.m4 m4/ax_func_which_gethostbyname_r.m4 m4/ax_func_which_getservbyname_r.m4 m4/ax_gcc_archflag.m4 m4/ax_gcc_builtin.m4 m4/ax_gcc_const_call.m4 m4/ax_gcc_func_attribute.m4 m4/ax_gcc_lib.m4 m4/ax_gcc_libgcc_eh.m4 m4/ax_gcc_libsupcxx.m4 m4/ax_gcc_malloc_call.m4 m4/ax_gcc_var_attribute.m4 m4/ax_gcc_warn_unused_result.m4 m4/ax_gcc_x86_avx_xgetbv.m4 m4/ax_gcc_x86_cpu_supports.m4 m4/ax_gcc_x86_cpuid.m4 m4/ax_generate_changelog.m4 m4/ax_gnu_autotest.m4 m4/ax_have_adns.m4 m4/ax_have_epoll.m4 m4/ax_have_poll.m4 m4/ax_have_qt.m4 m4/ax_have_select.m4 m4/ax_include_strcasecmp.m4 m4/ax_install_files.m4 m4/ax_int128.m4 m4/ax_is_release.m4 m4/ax_java_check_class.m4 m4/ax_java_options.m4 m4/ax_jni_include_dir.m4 m4/ax_lapack.m4 m4/ax_lib_beecrypt.m4 m4/ax_lib_cgal_core.m4 m4/ax_lib_crypto.m4 m4/ax_lib_curl.m4 m4/ax_lib_ev.m4 m4/ax_lib_expat.m4 m4/ax_lib_firebird.m4 m4/ax_lib_gcrypt.m4 m4/ax_lib_gdal.m4 m4/ax_lib_hdf5.m4 m4/ax_lib_id3.m4 m4/ax_lib_libkml.m4 m4/ax_lib_metis.m4 m4/ax_lib_mysql.m4 m4/ax_lib_mysqlcppconn.m4 m4/ax_lib_netcdf4.m4 m4/ax_lib_nettle.m4 m4/ax_lib_nokalva.m4 m4/ax_lib_oracle_occi.m4 m4/ax_lib_oracle_oci.m4 m4/ax_lib_orbit2.m4 m4/ax_lib_postgresql.m4 m4/ax_lib_readline.m4 m4/ax_lib_samtools.m4 m4/ax_lib_socket_nsl.m4 m4/ax_lib_sqlite3.m4 m4/ax_lib_tabix.m4 m4/ax_lib_taglib.m4 m4/ax_lib_trace.m4 m4/ax_lib_upnp.m4 m4/ax_lib_wad.m4 m4/ax_lib_xalan.m4 m4/ax_lib_xerces.m4 m4/ax_lib_xml_security.m4 m4/ax_libgcj_jar.m4 m4/ax_libtoolize_cflags.m4 m4/ax_llvm.m4 m4/ax_lua.m4 m4/ax_luarocks_rock.m4 m4/ax_maintainer_mode_auto_silent.m4 m4/ax_missing_prog.m4 m4/ax_mpi.m4 m4/ax_mpip.m4 m4/ax_ms_cpprest.m4 m4/ax_need_awk.m4 m4/ax_normalize_path.m4 m4/ax_not_enable_frame_pointer.m4 m4/ax_numeric_namedlevel.m4 m4/ax_open62541_check_h.m4 m4/ax_open62541_check_lib.m4 m4/ax_open62541_path.m4 m4/ax_openmp.m4 m4/ax_patch_libtool_changing_cmds_ifs.m4 m4/ax_path_bdb.m4 m4/ax_path_generic.m4 m4/ax_path_lib_pcre.m4 m4/ax_path_milter.m4 m4/ax_path_missing.m4 m4/ax_perl_ext.m4 m4/ax_perl_ext_flags.m4 m4/ax_perl_module_version.m4 m4/ax_pgsql_priv_root.m4 m4/ax_pkg_check_modules.m4 m4/ax_pkg_mico.m4 m4/ax_pkg_swig.m4 m4/ax_prefix_config_h.m4 m4/ax_prepend_flag.m4 m4/ax_print_to_file.m4 m4/ax_printf_size_t.m4 m4/ax_prog_apache.m4 m4/ax_prog_bison.m4 m4/ax_prog_bison_version.m4 m4/ax_prog_cc_char_subscripts.m4 m4/ax_prog_cc_for_build.m4 m4/ax_prog_cc_mpi.m4 m4/ax_prog_cp_s.m4 m4/ax_prog_crontab.m4 m4/ax_prog_cxx_for_build.m4 m4/ax_prog_cxx_mpi.m4 m4/ax_prog_date.m4 m4/ax_prog_dotnetcore_version.m4 m4/ax_prog_doxygen.m4 m4/ax_prog_emacs.m4 m4/ax_prog_f77_mpi.m4 m4/ax_prog_fasm.m4 m4/ax_prog_fasm_opt.m4 m4/ax_prog_fc_mpi.m4 m4/ax_prog_fig2dev.m4 m4/ax_prog_flex.m4 m4/ax_prog_flex_version.m4 m4/ax_prog_gjs.m4 m4/ax_prog_guile_version.m4 m4/ax_prog_haxe_version.m4 m4/ax_prog_help2man.m4 m4/ax_prog_hla.m4 m4/ax_prog_hla_opt.m4 m4/ax_prog_httpd.m4 m4/ax_prog_jar.m4 m4/ax_prog_java.m4 m4/ax_prog_java_cc.m4 m4/ax_prog_java_works.m4 m4/ax_prog_javac.m4 m4/ax_prog_javac_works.m4 m4/ax_prog_javadoc.m4 m4/ax_prog_javah.m4 m4/ax_prog_masm.m4 m4/ax_prog_masm_opt.m4 m4/ax_prog_md5sum.m4 m4/ax_prog_modprobe.m4 m4/ax_prog_mysql.m4 m4/ax_prog_mysqladmin.m4 m4/ax_prog_mysqld.m4 m4/ax_prog_mysqlimport.m4 m4/ax_prog_mysqlshow.m4 m4/ax_prog_nasm.m4 m4/ax_prog_nasm_opt.m4 m4/ax_prog_perl_modules.m4 m4/ax_prog_perl_version.m4 m4/ax_prog_pgclient.m4 m4/ax_prog_python_version.m4 m4/ax_prog_robot.m4 m4/ax_prog_ruby_version.m4 m4/ax_prog_scala.m4 m4/ax_prog_scalac.m4 m4/ax_prog_scp.m4 m4/ax_prog_splint.m4 m4/ax_prog_ssh.m4 m4/ax_prog_tasm.m4 m4/ax_prog_tasm_opt.m4 m4/ax_prog_tcl.m4 m4/ax_prog_xsltproc.m4 m4/ax_prog_yasm.m4 m4/ax_prog_yasm_opt.m4 m4/ax_prototype.m4 m4/ax_prototype_accept.m4 m4/ax_prototype_getsockname.m4 m4/ax_prototype_setsockopt.m4 m4/ax_pthread.m4 m4/ax_python.m4 m4/ax_python_config_var.m4 m4/ax_python_devel.m4 m4/ax_python_embed.m4 m4/ax_python_module.m4 m4/ax_python_module_version.m4 m4/ax_r_package.m4 m4/ax_recursive_eval.m4 m4/ax_require_defined.m4 m4/ax_require_one_func.m4 m4/ax_restore_flags.m4 m4/ax_restore_flags_with_prefix.m4 m4/ax_rpm_init.m4 m4/ax_ruby_devel.m4 m4/ax_ruby_ext.m4 m4/ax_save_flags.m4 m4/ax_save_flags_with_prefix.m4 m4/ax_set_default_paths_system.m4 m4/ax_short_sleep.m4 m4/ax_silent_mode.m4 m4/ax_sip_devel.m4 m4/ax_spec_file.m4 m4/ax_spec_package_version.m4 m4/ax_split_version.m4 m4/ax_string_strcasecmp.m4 m4/ax_strings_strcasecmp.m4 m4/ax_struct_semun.m4 m4/ax_subdir_files.m4 m4/ax_subdirs_configure.m4 m4/ax_subst_with.m4 m4/ax_swig_enable_cxx.m4 m4/ax_swig_multi_module_support.m4 m4/ax_swig_python.m4 m4/ax_switch_flags.m4 m4/ax_sys_dev_poll.m4 m4/ax_sys_largefile_sensitive.m4 m4/ax_sys_perlsharpbang.m4 m4/ax_sys_weak_alias.m4 m4/ax_sysv_ipc.m4 m4/ax_tls.m4 m4/ax_trilinos_amesos.m4 m4/ax_trilinos_base.m4 m4/ax_trilinos_epetra.m4 m4/ax_trilinos_epetraext.m4 m4/ax_trilinos_epetraext_hdf5.m4 m4/ax_trilinos_rtop.m4 m4/ax_trilinos_rythmos.m4 m4/ax_trilinos_teuchos.m4 m4/ax_trilinos_thyra.m4 m4/ax_trilinos_thyra_epetra.m4 m4/ax_trilinos_thyra_epetraext.m4 m4/ax_try_awk_anyout.m4 m4/ax_try_awk_expout.m4 m4/ax_try_compile_java.m4 m4/ax_try_run_java.m4 m4/ax_type_socklen_t.m4 m4/ax_upload.m4 m4/ax_valgrind_check.m4 m4/ax_var_pop.m4 m4/ax_var_push.m4 m4/ax_var_timezone_externals.m4 m4/ax_very_nice.m4 m4/ax_warning_default_aclocaldir.m4 m4/ax_warning_default_pkgconfig.m4 m4/ax_wint_t.m4 m4/ax_with_apxs.m4 m4/ax_with_build_path.m4 m4/ax_with_curses.m4 m4/ax_with_curses_extra.m4 m4/ax_with_dmalloc.m4 m4/ax_with_mpatrol.m4 m4/ax_with_prog.m4 m4/ax_xercesc.m4 m4/ax_xsdcxx.m4 m4/ax_xtra_classpath.m4 m4/ax_zmq.m4 m4/ax_zoneinfo.m4'
MAKEINFO='${SHELL} '\''/mnt/build_wrt/build_dir/host/autoconf-archive-2023.02.20/build-aux/missing'\'' makeinfo'
MKDIR_P='/usr/bin/mkdir -p'
PACKAGE='autoconf-archive'
PACKAGE_BUGREPORT='autoconf-archive-maintainers@gnu.org'
PACKAGE_NAME='GNU Autoconf Archive'
PACKAGE_STRING='GNU Autoconf Archive 2023.02.20'
PACKAGE_TARNAME='autoconf-archive'
PACKAGE_URL='https://www.gnu.org/software/autoconf-archive/'
PACKAGE_VERSION='2023.02.20'
PATH_SEPARATOR=':'
SED='/mnt/build_wrt/staging_dir/host/bin/sed'
SET_MAKE=''
SHELL='/usr/bin/env bash'
STRIP=''
TEXIFILES='ax_absolute_header.texi ax_ac_append_to_file.texi ax_ac_print_to_file.texi ax_add_am_macro.texi ax_add_am_macro_static.texi ax_add_am_trilinos_makefile_export.texi ax_add_fortify_source.texi ax_add_recursive_am_macro.texi ax_add_recursive_am_macro_static.texi ax_afs.texi ax_am_jobserver.texi ax_am_macros.texi ax_am_macros_static.texi ax_am_override_var.texi ax_append_compile_flags.texi ax_append_flag.texi ax_append_link_flags.texi ax_append_to_file.texi ax_arg_with_path_style.texi ax_asm_inline.texi ax_at_check_pattern.texi ax_auto_include_headers.texi ax_berkeley_db.texi ax_berkeley_db_cxx.texi ax_blas.texi ax_blas_f77_func.texi ax_boost_asio.texi ax_boost_atomic.texi ax_boost_base.texi ax_boost_chrono.texi ax_boost_context.texi ax_boost_coroutine.texi ax_boost_date_time.texi ax_boost_filesystem.texi ax_boost_iostreams.texi ax_boost_json.texi ax_boost_locale.texi ax_boost_log.texi ax_boost_log_setup.texi ax_boost_process.texi ax_boost_program_options.texi ax_boost_python.texi ax_boost_random.texi ax_boost_regex.texi ax_boost_serialization.texi ax_boost_signals.texi ax_boost_system.texi ax_boost_test_exec_monitor.texi ax_boost_thread.texi ax_boost_unit_test_framework.texi ax_boost_wave.texi ax_boost_wserialization.texi ax_build_date_epoch.texi ax_c99_inline.texi ax_c___attribute__.texi ax_c_arithmetic_rshift.texi ax_c_compile_value.texi ax_c_declare_block.texi ax_c_float_words_bigendian.texi ax_c_long_long.texi ax_c_referenceable_passed_va_list.texi ax_c_restrict.texi ax_c_var_func.texi ax_cache_size.texi ax_caolan_check_package.texi ax_caolan_search_package.texi ax_cc_for_build.texi ax_cc_maxopt.texi ax_cf_ebcdic.texi ax_cflags_aix_option.texi ax_cflags_force_c89.texi ax_cflags_hpux_option.texi ax_cflags_irix_option.texi ax_cflags_no_writable_strings.texi ax_cflags_strict_prototypes.texi ax_cflags_sun_option.texi ax_cflags_warn_all.texi ax_check_aligned_access_required.texi ax_check_allocated_ctime.texi ax_check_awk__v.texi ax_check_awk__x_escapes.texi ax_check_awk_and.texi ax_check_awk_argind.texi ax_check_awk_array_delete.texi ax_check_awk_array_delete_elem.texi ax_check_awk_array_in.texi ax_check_awk_asort.texi ax_check_awk_asorti.texi ax_check_awk_associative_array.texi ax_check_awk_atan2.texi ax_check_awk_compl.texi ax_check_awk_conditional_expression.texi ax_check_awk_cos.texi ax_check_awk_environ.texi ax_check_awk_errno.texi ax_check_awk_exit.texi ax_check_awk_exp.texi ax_check_awk_gensub.texi ax_check_awk_getline.texi ax_check_awk_gsub.texi ax_check_awk_ignorecase.texi ax_check_awk_index.texi ax_check_awk_int.texi ax_check_awk_length.texi ax_check_awk_log.texi ax_check_awk_lshift.texi ax_check_awk_match_2parms.texi ax_check_awk_match_3parms.texi ax_check_awk_operator_multiply_multiply.texi ax_check_awk_operator_square.texi ax_check_awk_or.texi ax_check_awk_printf.texi ax_check_awk_rand.texi ax_check_awk_rshift.texi ax_check_awk_sin.texi ax_check_awk_split.texi ax_check_awk_sprintf.texi ax_check_awk_sqrt.texi ax_check_awk_srand.texi ax_check_awk_strftime.texi ax_check_awk_strtonum.texi ax_check_awk_sub.texi ax_check_awk_substr.texi ax_check_awk_system.texi ax_check_awk_systime.texi ax_check_awk_tolower.texi ax_check_awk_toupper.texi ax_check_awk_user_defined_functions.texi ax_check_awk_var_regexp.texi ax_check_awk_variable_value_pairs.texi ax_check_awk_xor.texi ax_check_class.texi ax_check_classpath.texi ax_check_compile_flag.texi ax_check_define.texi ax_check_docbook_dtd.texi ax_check_docbook_xslt.texi ax_check_docbook_xslt_min.texi ax_check_dos_filesys.texi ax_check_enable_debug.texi ax_check_func_in.texi ax_check_gd.texi ax_check_gir_symbols_gjs.texi ax_check_girs_gjs.texi ax_check_gl.texi ax_check_glu.texi ax_check_glut.texi ax_check_glx.texi ax_check_gnu_make.texi ax_check_icu.texi ax_check_java_home.texi ax_check_java_plugin.texi ax_check_junit.texi ax_check_library.texi ax_check_link_flag.texi ax_check_mysql.texi ax_check_mysql_db.texi ax_check_mysqlr.texi ax_check_off64_t.texi ax_check_openssl.texi ax_check_page_aligned_malloc.texi ax_check_pathfind.texi ax_check_pathname_style.texi ax_check_pcre2.texi ax_check_pgsql_db.texi ax_check_posix_regcomp.texi ax_check_posix_sysinfo.texi ax_check_postgres_db.texi ax_check_preproc_flag.texi ax_check_rqrd_class.texi ax_check_sign.texi ax_check_strcspn.texi ax_check_strftime.texi ax_check_struct_for.texi ax_check_symbol.texi ax_check_sys_siglist.texi ax_check_typedef.texi ax_check_uname_syscall.texi ax_check_user.texi ax_check_vscript.texi ax_check_x86_features.texi ax_check_zlib.texi ax_code_coverage.texi ax_compare_version.texi ax_compile_check_sizeof.texi ax_compiler_flags.texi ax_compiler_flags_cflags.texi ax_compiler_flags_cxxflags.texi ax_compiler_flags_gir.texi ax_compiler_flags_ldflags.texi ax_compiler_vendor.texi ax_compiler_version.texi ax_compute_relative_paths.texi ax_compute_standard_relative_paths.texi ax_cond_with_level.texi ax_config_feature.texi ax_configure_args.texi ax_count_cpus.texi ax_cpu_freq.texi ax_cpu_vendor.texi ax_create_generic_config.texi ax_create_pkgconfig_info.texi ax_create_stdint_h.texi ax_create_target_h.texi ax_cvs.texi ax_cxx_bool.texi ax_cxx_compile_stdcxx.texi ax_cxx_compile_stdcxx_0x.texi ax_cxx_compile_stdcxx_11.texi ax_cxx_compile_stdcxx_14.texi ax_cxx_compile_stdcxx_17.texi ax_cxx_complex_math_in_namespace_std.texi ax_cxx_const_cast.texi ax_cxx_cppflags_std_lang.texi ax_cxx_cxxflags_std_lang.texi ax_cxx_default_template_parameters.texi ax_cxx_delete_method.texi ax_cxx_dtor_after_atexit.texi ax_cxx_dynamic_cast.texi ax_cxx_enum_computations.texi ax_cxx_enum_computations_with_cast.texi ax_cxx_erase_iterator_type.texi ax_cxx_exceptions.texi ax_cxx_explicit.texi ax_cxx_explicit_instantiations.texi ax_cxx_explicit_template_function_qualification.texi ax_cxx_extern_template.texi ax_cxx_full_specialization_syntax.texi ax_cxx_function_nontype_parameters.texi ax_cxx_function_try_blocks.texi ax_cxx_gcc_abi_demangle.texi ax_cxx_gnucxx_hashmap.texi ax_cxx_have_bad_function_call.texi ax_cxx_have_bind.texi ax_cxx_have_bit_and.texi ax_cxx_have_bit_or.texi ax_cxx_have_bit_xor.texi ax_cxx_have_complex.texi ax_cxx_have_complex_math1.texi ax_cxx_have_complex_math2.texi ax_cxx_have_cref.texi ax_cxx_have_empty_iostream.texi ax_cxx_have_ext_hash_map.texi ax_cxx_have_ext_hash_set.texi ax_cxx_have_ext_slist.texi ax_cxx_have_freeze_sstream.texi ax_cxx_have_function.texi ax_cxx_have_hash.texi ax_cxx_have_ieee_math.texi ax_cxx_have_is_bind_expression.texi ax_cxx_have_is_placeholder.texi ax_cxx_have_koenig_lookup.texi ax_cxx_have_long_long_for_iostream.texi ax_cxx_have_mem_fn.texi ax_cxx_have_numeric_limits.texi ax_cxx_have_placeholders.texi ax_cxx_have_ref.texi ax_cxx_have_reference_wrapper.texi ax_cxx_have_sstream.texi ax_cxx_have_std.texi ax_cxx_have_stl.texi ax_cxx_have_string_push_back.texi ax_cxx_have_system_v_math.texi ax_cxx_have_valarray.texi ax_cxx_have_vector_at.texi ax_cxx_header_pre_stdcxx.texi ax_cxx_header_stdcxx_0x.texi ax_cxx_header_stdcxx_98.texi ax_cxx_header_stdcxx_tr1.texi ax_cxx_header_tr1_unordered_map.texi ax_cxx_header_tr1_unordered_set.texi ax_cxx_header_unordered_map.texi ax_cxx_header_unordered_set.texi ax_cxx_ldflags_std_lang.texi ax_cxx_member_constants.texi ax_cxx_member_templates.texi ax_cxx_member_templates_outside_class.texi ax_cxx_mutable.texi ax_cxx_namespace_std.texi ax_cxx_namespaces.texi ax_cxx_new_for_scoping.texi ax_cxx_old_for_scoping.texi ax_cxx_partial_ordering.texi ax_cxx_partial_specialization.texi ax_cxx_reinterpret_cast.texi ax_cxx_restrict_this.texi ax_cxx_rtti.texi ax_cxx_rvalue_references.texi ax_cxx_static_cast.texi ax_cxx_stlport_hashmap.texi ax_cxx_template_keyword_qualifier.texi ax_cxx_template_qualified_base_class.texi ax_cxx_template_qualified_return_type.texi ax_cxx_template_scoped_argument_matching.texi ax_cxx_templates.texi ax_cxx_templates_as_template_arguments.texi ax_cxx_typename.texi ax_cxx_use_numtrait.texi ax_cxx_var_prettyfunc.texi ax_cxx_verbose_terminate_handler.texi ax_czmq.texi ax_decl_wchar_max.texi ax_define_integer_bits.texi ax_define_sub_path.texi ax_dirname.texi ax_dist_msi.texi ax_dist_rpm.texi ax_dll_string.texi ax_elisp.texi ax_enable_builddir.texi ax_execinfo.texi ax_expand_prefix.texi ax_ext.texi ax_ext_check_header.texi ax_ext_have_lib.texi ax_extend_srcdir.texi ax_extra_dist.texi ax_f77_cmain_fflags.texi ax_f90_header.texi ax_f90_internal_headmod.texi ax_f90_library.texi ax_f90_library_setup.texi ax_f90_module.texi ax_f90_module_extension.texi ax_f90_module_flag.texi ax_fc_check_define.texi ax_file_escapes.texi ax_find_hamcrest.texi ax_find_junit.texi ax_find_scala_stdlib.texi ax_forceinline.texi ax_func_accept_argtypes.texi ax_func_getopt_long.texi ax_func_memmove.texi ax_func_mkdir.texi ax_func_posix_memalign.texi ax_func_snprintf.texi ax_func_which_gethostbyname_r.texi ax_func_which_getservbyname_r.texi ax_gcc_archflag.texi ax_gcc_builtin.texi ax_gcc_const_call.texi ax_gcc_func_attribute.texi ax_gcc_lib.texi ax_gcc_libgcc_eh.texi ax_gcc_libsupcxx.texi ax_gcc_malloc_call.texi ax_gcc_var_attribute.texi ax_gcc_warn_unused_result.texi ax_gcc_x86_avx_xgetbv.texi ax_gcc_x86_cpu_supports.texi ax_gcc_x86_cpuid.texi ax_generate_changelog.texi ax_gnu_autotest.texi ax_have_adns.texi ax_have_epoll.texi ax_have_poll.texi ax_have_qt.texi ax_have_select.texi ax_include_strcasecmp.texi ax_install_files.texi ax_int128.texi ax_is_release.texi ax_java_check_class.texi ax_java_options.texi ax_jni_include_dir.texi ax_lapack.texi ax_lib_beecrypt.texi ax_lib_cgal_core.texi ax_lib_crypto.texi ax_lib_curl.texi ax_lib_ev.texi ax_lib_expat.texi ax_lib_firebird.texi ax_lib_gcrypt.texi ax_lib_gdal.texi ax_lib_hdf5.texi ax_lib_id3.texi ax_lib_libkml.texi ax_lib_metis.texi ax_lib_mysql.texi ax_lib_mysqlcppconn.texi ax_lib_netcdf4.texi ax_lib_nettle.texi ax_lib_nokalva.texi ax_lib_oracle_occi.texi ax_lib_oracle_oci.texi ax_lib_orbit2.texi ax_lib_postgresql.texi ax_lib_readline.texi ax_lib_samtools.texi ax_lib_socket_nsl.texi ax_lib_sqlite3.texi ax_lib_tabix.texi ax_lib_taglib.texi ax_lib_trace.texi ax_lib_upnp.texi ax_lib_wad.texi ax_lib_xalan.texi ax_lib_xerces.texi ax_lib_xml_security.texi ax_libgcj_jar.texi ax_libtoolize_cflags.texi ax_llvm.texi ax_lua.texi ax_luarocks_rock.texi ax_maintainer_mode_auto_silent.texi ax_missing_prog.texi ax_mpi.texi ax_mpip.texi ax_ms_cpprest.texi ax_need_awk.texi ax_normalize_path.texi ax_not_enable_frame_pointer.texi ax_numeric_namedlevel.texi ax_open62541_check_h.texi ax_open62541_check_lib.texi ax_open62541_path.texi ax_openmp.texi ax_patch_libtool_changing_cmds_ifs.texi ax_path_bdb.texi ax_path_generic.texi ax_path_lib_pcre.texi ax_path_milter.texi ax_path_missing.texi ax_perl_ext.texi ax_perl_ext_flags.texi ax_perl_module_version.texi ax_pgsql_priv_root.texi ax_pkg_check_modules.texi ax_pkg_mico.texi ax_pkg_swig.texi ax_prefix_config_h.texi ax_prepend_flag.texi ax_print_to_file.texi ax_printf_size_t.texi ax_prog_apache.texi ax_prog_bison.texi ax_prog_bison_version.texi ax_prog_cc_char_subscripts.texi ax_prog_cc_for_build.texi ax_prog_cc_mpi.texi ax_prog_cp_s.texi ax_prog_crontab.texi ax_prog_cxx_for_build.texi ax_prog_cxx_mpi.texi ax_prog_date.texi ax_prog_dotnetcore_version.texi ax_prog_doxygen.texi ax_prog_emacs.texi ax_prog_f77_mpi.texi ax_prog_fasm.texi ax_prog_fasm_opt.texi ax_prog_fc_mpi.texi ax_prog_fig2dev.texi ax_prog_flex.texi ax_prog_flex_version.texi ax_prog_gjs.texi ax_prog_guile_version.texi ax_prog_haxe_version.texi ax_prog_help2man.texi ax_prog_hla.texi ax_prog_hla_opt.texi ax_prog_httpd.texi ax_prog_jar.texi ax_prog_java.texi ax_prog_java_cc.texi ax_prog_java_works.texi ax_prog_javac.texi ax_prog_javac_works.texi ax_prog_javadoc.texi ax_prog_javah.texi ax_prog_masm.texi ax_prog_masm_opt.texi ax_prog_md5sum.texi ax_prog_modprobe.texi ax_prog_mysql.texi ax_prog_mysqladmin.texi ax_prog_mysqld.texi ax_prog_mysqlimport.texi ax_prog_mysqlshow.texi ax_prog_nasm.texi ax_prog_nasm_opt.texi ax_prog_perl_modules.texi ax_prog_perl_version.texi ax_prog_pgclient.texi ax_prog_python_version.texi ax_prog_robot.texi ax_prog_ruby_version.texi ax_prog_scala.texi ax_prog_scalac.texi ax_prog_scp.texi ax_prog_splint.texi ax_prog_ssh.texi ax_prog_tasm.texi ax_prog_tasm_opt.texi ax_prog_tcl.texi ax_prog_xsltproc.texi ax_prog_yasm.texi ax_prog_yasm_opt.texi ax_prototype.texi ax_prototype_accept.texi ax_prototype_getsockname.texi ax_prototype_setsockopt.texi ax_pthread.texi ax_python.texi ax_python_config_var.texi ax_python_devel.texi ax_python_embed.texi ax_python_module.texi ax_python_module_version.texi ax_r_package.texi ax_recursive_eval.texi ax_require_defined.texi ax_require_one_func.texi ax_restore_flags.texi ax_restore_flags_with_prefix.texi ax_rpm_init.texi ax_ruby_devel.texi ax_ruby_ext.texi ax_save_flags.texi ax_save_flags_with_prefix.texi ax_set_default_paths_system.texi ax_short_sleep.texi ax_silent_mode.texi ax_sip_devel.texi ax_spec_file.texi ax_spec_package_version.texi ax_split_version.texi ax_string_strcasecmp.texi ax_strings_strcasecmp.texi ax_struct_semun.texi ax_subdir_files.texi ax_subdirs_configure.texi ax_subst_with.texi ax_swig_enable_cxx.texi ax_swig_multi_module_support.texi ax_swig_python.texi ax_switch_flags.texi ax_sys_dev_poll.texi ax_sys_largefile_sensitive.texi ax_sys_perlsharpbang.texi ax_sys_weak_alias.texi ax_sysv_ipc.texi ax_tls.texi ax_trilinos_amesos.texi ax_trilinos_base.texi ax_trilinos_epetra.texi ax_trilinos_epetraext.texi ax_trilinos_epetraext_hdf5.texi ax_trilinos_rtop.texi ax_trilinos_rythmos.texi ax_trilinos_teuchos.texi ax_trilinos_thyra.texi ax_trilinos_thyra_epetra.texi ax_trilinos_thyra_epetraext.texi ax_try_awk_anyout.texi ax_try_awk_expout.texi ax_try_compile_java.texi ax_try_run_java.texi ax_type_socklen_t.texi ax_upload.texi ax_valgrind_check.texi ax_var_pop.texi ax_var_push.texi ax_var_timezone_externals.texi ax_very_nice.texi ax_warning_default_aclocaldir.texi ax_warning_default_pkgconfig.texi ax_wint_t.texi ax_with_apxs.texi ax_with_build_path.texi ax_with_curses.texi ax_with_curses_extra.texi ax_with_dmalloc.texi ax_with_mpatrol.texi ax_with_prog.texi ax_xercesc.texi ax_xsdcxx.texi ax_xtra_classpath.texi ax_zmq.texi ax_zoneinfo.texi'
VERSION='2023.02.20'
am__isrc=''
am__leading_dot='.'
am__tar='$${TAR-tar} chof - "$$tardir"'
am__untar='$${TAR-tar} xf -'
bindir='${exec_prefix}/bin'
build_alias='x86_64-pc-linux-gnu'
datadir='${datarootdir}'
datarootdir='${prefix}/share'
docdir='${datarootdir}/doc/${PACKAGE_TARNAME}'
dvidir='${docdir}'
exec_prefix='/mnt/build_wrt/staging_dir/host'
host_alias='x86_64-pc-linux-gnu'
htmldir='${docdir}'
includedir='${prefix}/include'
infodir='${datarootdir}/info'
install_sh='${SHELL} /mnt/build_wrt/build_dir/host/autoconf-archive-2023.02.20/build-aux/install-sh'
libdir='${exec_prefix}/lib'
libexecdir='${exec_prefix}/libexec'
localedir='${datarootdir}/locale'
localstatedir='/mnt/build_wrt/staging_dir/host/var'
mandir='${datarootdir}/man'
mkdir_p='$(MKDIR_P)'
oldincludedir='/usr/include'
pdfdir='${docdir}'
prefix='/mnt/build_wrt/staging_dir/host'
program_transform_name='s&$$&&;s&^&&'
psdir='${docdir}'
runstatedir='${localstatedir}/run'
sbindir='/mnt/build_wrt/staging_dir/host/bin'
sharedstatedir='${prefix}/com'
sysconfdir='/mnt/build_wrt/staging_dir/host/etc'
target_alias='x86_64-pc-linux-gnu'

## ----------- ##
## confdefs.h. ##
## ----------- ##

/* confdefs.h */
#define PACKAGE_NAME "GNU Autoconf Archive"
#define PACKAGE_TARNAME "autoconf-archive"
#define PACKAGE_VERSION "2023.02.20"
#define PACKAGE_STRING "GNU Autoconf Archive 2023.02.20"
#define PACKAGE_BUGREPORT "autoconf-archive-maintainers@gnu.org"
#define PACKAGE_URL "https://www.gnu.org/software/autoconf-archive/"
#define PACKAGE "autoconf-archive"
#define VERSION "2023.02.20"

configure: exit 0
=== File: ./wrt/build_dir/host/mtd-utils-2.3.1/config.log ===
WITH_LZO_FALSE=''
WITH_LZO_TRUE='#'
WITH_SELINUX_FALSE=''
WITH_SELINUX_TRUE='#'
WITH_UBIHEALTHD_FALSE='#'
WITH_UBIHEALTHD_TRUE=''
WITH_XATTR_FALSE=''
WITH_XATTR_TRUE='#'
WITH_ZLIB_FALSE='#'
WITH_ZLIB_TRUE=''
WITH_ZSTD_FALSE=''
WITH_ZSTD_TRUE='#'
ZLIB_CFLAGS='-I/mnt/build_wrt/staging_dir/host/include'
ZLIB_LIBS='-L/mnt/build_wrt/staging_dir/host/lib -lz'
ZSTD_CFLAGS=''
ZSTD_LIBS=''
ac_ct_CC=''
am__EXEEXT_FALSE=''
am__EXEEXT_TRUE='#'
am__fastdepCC_FALSE=''
am__fastdepCC_TRUE='#'
am__include='include'
am__isrc=''
am__leading_dot='.'
am__nodep=''
am__quote=''
am__rm_f_notfound=''
am__tar='tar --format=ustar -chf - "$$tardir"'
am__untar='tar -xf -'
am__xargs_n='xargs -n'
ax_pthread_config=''
bindir='${exec_prefix}/bin'
build='x86_64-pc-linux-gnu'
build_alias='x86_64-pc-linux-gnu'
build_cpu='x86_64'
build_os='linux-gnu'
build_vendor='pc'
datadir='${datarootdir}'
datarootdir='${prefix}/share'
docdir='${datarootdir}/doc/${PACKAGE_TARNAME}'
dvidir='${docdir}'
exec_prefix='/mnt/build_wrt/staging_dir/host'
host='x86_64-pc-linux-gnu'
host_alias='x86_64-pc-linux-gnu'
host_cpu='x86_64'
host_os='linux-gnu'
host_vendor='pc'
htmldir='${docdir}'
includedir='${prefix}/include'
infodir='${datarootdir}/info'
install_sh='${SHELL} /mnt/build_wrt/build_dir/host/mtd-utils-2.3.1/install-sh'
libdir='${exec_prefix}/lib'
libexecdir='${exec_prefix}/libexec'
localedir='${datarootdir}/locale'
localstatedir='/mnt/build_wrt/staging_dir/host/var'
mandir='${datarootdir}/man'
mkdir_p='$(MKDIR_P)'
oldincludedir='/usr/include'
pdfdir='${docdir}'
prefix='/mnt/build_wrt/staging_dir/host'
program_transform_name='s&$$&&;s&^&&'
psdir='${docdir}'
runstatedir='${localstatedir}/run'
sbindir='/mnt/build_wrt/staging_dir/host/bin'
sharedstatedir='${prefix}/com'
sysconfdir='/mnt/build_wrt/staging_dir/host/etc'
target_alias='x86_64-pc-linux-gnu'

## ----------- ##
## confdefs.h. ##
## ----------- ##

/* confdefs.h */
#define PACKAGE_NAME "mtd-utils"
#define PACKAGE_TARNAME "mtd-utils"
#define PACKAGE_VERSION "2.3.1"
#define PACKAGE_STRING "mtd-utils 2.3.1"
#define PACKAGE_BUGREPORT "linux-mtd@lists.infradead.org"
#define PACKAGE_URL ""
#define PACKAGE "mtd-utils"
#define VERSION "2.3.1"
#define TESTBINDIR "/mnt/build_wrt/staging_dir/host/libexec/mtd-utils"
#define HAVE_STDIO_H 1
#define HAVE_STDLIB_H 1
#define HAVE_STRING_H 1
#define HAVE_INTTYPES_H 1
#define HAVE_STDINT_H 1
#define HAVE_STRINGS_H 1
#define HAVE_SYS_STAT_H 1
#define HAVE_SYS_TYPES_H 1
#define HAVE_UNISTD_H 1
#define STDC_HEADERS 1
#define HAVE_SELINUX_SELINUX_H 1
#define HAVE_SELINUX_LABEL_H 1
#define HAVE_SYS_RANDOM_H 1
#define HAVE_EXECINFO_H 1
#define SIZEOF_OFF_T 8
#define SIZEOF_LOFF_T 8

configure: exit 0
=== File: ./wrt/build_dir/host/patchelf-0.18.0/config.log ===
ECHO_C=''
ECHO_N='-n'
ECHO_T=''
ETAGS='etags'
EXEEXT=''
HAVE_CXX17='1'
INSTALL_DATA='${INSTALL} -m 644'
INSTALL_PROGRAM='${INSTALL}'
INSTALL_SCRIPT='${INSTALL}'
INSTALL_STRIP_PROGRAM='$(install_sh) -c -s'
LDFLAGS='-L/mnt/build_wrt/staging_dir/host/lib'
LIBOBJS=''
LIBS=''
LTLIBOBJS=''
MAKEINFO='${SHELL} '\''/mnt/build_wrt/build_dir/host/patchelf-0.18.0/build-aux/missing'\'' makeinfo'
MKDIR_P='/usr/bin/mkdir -p'
OBJCOPY='objcopy'
OBJDUMP='objdump'
OBJEXT='o'
PACKAGE='patchelf'
PACKAGE_BUGREPORT=''
PACKAGE_NAME='patchelf'
PACKAGE_STRING='patchelf 0.18.0'
PACKAGE_TARNAME='patchelf'
PACKAGE_URL=''
PACKAGE_VERSION='0.18.0'
PATH_SEPARATOR=':'
READELF='readelf'
SET_MAKE=''
SHELL='/usr/bin/env bash'
STRIP='strip'
VERSION='0.18.0'
WITH_ASAN_FALSE=''
WITH_ASAN_TRUE='#'
WITH_UBSAN_FALSE=''
WITH_UBSAN_TRUE='#'
ac_ct_CC=''
ac_ct_CXX=''
am__EXEEXT_FALSE=''
am__EXEEXT_TRUE='#'
am__fastdepCCAS_FALSE=''
am__fastdepCCAS_TRUE='#'
am__fastdepCC_FALSE=''
am__fastdepCC_TRUE='#'
am__fastdepCXX_FALSE=''
am__fastdepCXX_TRUE='#'
am__include='include'
am__isrc=''
am__leading_dot='.'
am__nodep=''
am__quote=''
am__rm_f_notfound=''
am__tar='tar --format=ustar -chf - "$$tardir"'
am__untar='tar -xf -'
am__xargs_n='xargs -n'
bindir='${exec_prefix}/bin'
build_alias='x86_64-pc-linux-gnu'
datadir='${datarootdir}'
datarootdir='${prefix}/share'
docdir='${datarootdir}/doc/${PACKAGE_TARNAME}'
dvidir='${docdir}'
exec_prefix='/mnt/build_wrt/staging_dir/host'
host_alias='x86_64-pc-linux-gnu'
htmldir='${docdir}'
includedir='${prefix}/include'
infodir='${datarootdir}/info'
install_sh='${SHELL} /mnt/build_wrt/build_dir/host/patchelf-0.18.0/build-aux/install-sh'
libdir='${exec_prefix}/lib'
libexecdir='${exec_prefix}/libexec'
localedir='${datarootdir}/locale'
localstatedir='/mnt/build_wrt/staging_dir/host/var'
mandir='${datarootdir}/man'
mkdir_p='$(MKDIR_P)'
oldincludedir='/usr/include'
pdfdir='${docdir}'
prefix='/mnt/build_wrt/staging_dir/host'
program_transform_name='s&$$&&;s&^&&'
psdir='${docdir}'
runstatedir='${localstatedir}/run'
sbindir='/mnt/build_wrt/staging_dir/host/bin'
sharedstatedir='${prefix}/com'
sysconfdir='/mnt/build_wrt/staging_dir/host/etc'
target_alias='x86_64-pc-linux-gnu'

## ----------- ##
## confdefs.h. ##
## ----------- ##

/* confdefs.h */
#define PACKAGE_NAME "patchelf"
#define PACKAGE_TARNAME "patchelf"
#define PACKAGE_VERSION "0.18.0"
#define PACKAGE_STRING "patchelf 0.18.0"
#define PACKAGE_BUGREPORT ""
#define PACKAGE_URL ""
#define PACKAGE "patchelf"
#define VERSION "0.18.0"
#define HAVE_CXX17 1

configure: exit 0
=== File: ./wrt/build_dir/host/flex-2.6.4/config.log ===
localedir='${datarootdir}/locale'
localedir_c='"/mnt/build_wrt/staging_dir/host/share/locale"'
localedir_c_make='\"$(localedir)\"'
localstatedir='/mnt/build_wrt/staging_dir/host/var'
mandir='${datarootdir}/man'
mkdir_p='$(MKDIR_P)'
oldincludedir='/usr/include'
pdfdir='${docdir}'
prefix='/mnt/build_wrt/staging_dir/host'
program_transform_name='s&$$&&;s&^&&'
psdir='${docdir}'
runstatedir='${localstatedir}/run'
sbindir='/mnt/build_wrt/staging_dir/host/bin'
sharedstatedir='${prefix}/com'
sysconfdir='/mnt/build_wrt/staging_dir/host/etc'
target_alias='x86_64-pc-linux-gnu'

## ----------- ##
## confdefs.h. ##
## ----------- ##

/* confdefs.h */
#define PACKAGE_NAME "the fast lexical analyser generator"
#define PACKAGE_TARNAME "flex"
#define PACKAGE_VERSION "2.6.4"
#define PACKAGE_STRING "the fast lexical analyser generator 2.6.4"
#define PACKAGE_BUGREPORT "flex-help@lists.sourceforge.net"
#define PACKAGE_URL ""
#define HAVE_STDIO_H 1
#define HAVE_STDLIB_H 1
#define HAVE_STRING_H 1
#define HAVE_INTTYPES_H 1
#define HAVE_STDINT_H 1
#define HAVE_STRINGS_H 1
#define HAVE_SYS_STAT_H 1
#define HAVE_SYS_TYPES_H 1
#define HAVE_UNISTD_H 1
#define HAVE_WCHAR_H 1
#define STDC_HEADERS 1
#define _ALL_SOURCE 1
#define _DARWIN_C_SOURCE 1
#define _GNU_SOURCE 1
#define _HPUX_ALT_XOPEN_SOCKET_API 1
#define _NETBSD_SOURCE 1
#define _OPENBSD_SOURCE 1
#define _POSIX_PTHREAD_SEMANTICS 1
#define __STDC_WANT_IEC_60559_ATTRIBS_EXT__ 1
#define __STDC_WANT_IEC_60559_BFP_EXT__ 1
#define __STDC_WANT_IEC_60559_DFP_EXT__ 1
#define __STDC_WANT_IEC_60559_EXT__ 1
#define __STDC_WANT_IEC_60559_FUNCS_EXT__ 1
#define __STDC_WANT_IEC_60559_TYPES_EXT__ 1
#define __STDC_WANT_LIB_EXT2__ 1
#define __STDC_WANT_MATH_SPEC_FUNCS__ 1
#define _TANDEM_SOURCE 1
#define __EXTENSIONS__ 1
#define HAVE_DLFCN_H 1
#define LT_OBJDIR ".libs/"
#define PACKAGE "flex"
#define VERSION "2.6.4"
#define ENABLE_NLS 1
#define HAVE_GETTEXT 1
#define HAVE_DCGETTEXT 1
#define YYTEXT_POINTER 1
#define M4 "/mnt/build_wrt/staging_dir/host/bin/m4"
#define HAVE_REGEX_H 1
#define HAVE_STRINGS_H 1
#define HAVE_SYS_STAT_H 1
#define HAVE_SYS_WAIT_H 1
#define HAVE_UNISTD_H 1
#define HAVE_INTTYPES_H 1
#define HAVE_LIBINTL_H 1
#define HAVE_LIMITS_H 1
#define HAVE_LOCALE_H 1
#define HAVE_MALLOC_H 1
#define HAVE_NETINET_IN_H 1
#define HAVE_PTHREAD_H 1
#define HAVE_LIBM 1
#define HAVE__BOOL 1
#define HAVE_STDBOOL_H 1
#define HAVE_ALLOCA_H 1
#define HAVE_ALLOCA 1
#define HAVE_FORK 1
#define HAVE_VFORK 1
#define HAVE_WORKING_VFORK 1
#define HAVE_WORKING_FORK 1
#define HAVE_MALLOC 1
#define HAVE_REALLOC 1
#define HAVE_DUP2 1
#define HAVE_MEMSET 1
#define HAVE_REGCOMP 1
#define HAVE_STRCASECMP 1
#define HAVE_STRCHR 1
#define HAVE_STRDUP 1
#define HAVE_STRTOL 1
#define HAVE_POW 1
#define HAVE_SETLOCALE 1
#define HAVE_REALLOCARRAY 1

configure: exit 0
=== File: ./wrt/build_dir/host/m4-1.4.21/config.log ===
#define GNULIB_TEST_VZPRINTF 1
#define HAVE_WAITID 1
#define GNULIB_TEST_WAITPID 1
#define GNULIB_TEST_WCRTOMB 1
#define GNULIB_TEST_WCTYPE 1
#define HAVE_DECL_WCWIDTH 1
#define GNULIB_TEST_WCWIDTH 1
#define GNULIB_XALLOC 1
#define GNULIB_XALLOC_DIE 1
#define HAVE_STDINT_H 1
#define GNULIB_TEST_ACCEPT 1
#define GNULIB_ACCEPT IN_M4_GNULIB_TESTS
#define GNULIB_TEST_BIND 1
#define GNULIB_BIND IN_M4_GNULIB_TESTS
#define GNULIB_TEST_BTOC32 1
#define GNULIB_TEST_C32RTOMB 1
#define GNULIB_TEST_C32TOB 1
#define GNULIB_TEST_CONNECT 1
#define GNULIB_CONNECT IN_M4_GNULIB_TESTS
#define GNULIB_TEST_CREAT 1
#define HAVE_CLOSE_RANGE 1
#define GNULIB_TEST_FDOPEN 1
#define GNULIB_TEST_FREOPEN 1
#define GNULIB_TEST_FREXP 1
#define GNULIB_TEST_FREXPL 1
#define HAVE_FTRUNCATE 1
#define GNULIB_TEST_FTRUNCATE 1
#define GETTIMEOFDAY_TIMEZONE void
#define GNULIB_TEST_GETTIMEOFDAY 1
#define HAVE_DUPLOCALE 1
#define HAVE_DECL_INET_PTON 1
#define HAVE_IOCTL 1
#define GNULIB_TEST_IOCTL 1
#define GNULIB_IOCTL IN_M4_GNULIB_TESTS
#define GNULIB_ISBLANK IN_M4_GNULIB_TESTS
#define GNULIB_TEST_LINK 1
#define GNULIB_TEST_LISTEN 1
#define GNULIB_LISTEN IN_M4_GNULIB_TESTS
#define HAVE_NEWLOCALE 1
#define HAVE_NEWLOCALE 1
#define GNULIB_TEST_MEMSET_EXPLICIT 1
#define HAVE_MKFIFO 1
#define GNULIB_TEST_MKFIFO 1
#define HAVE_BUG_BIG_NANOSLEEP 1
#define GNULIB_TEST_NANOSLEEP 1
#define HAVE_USELOCALE 1
#define HAVE_WORKING_USELOCALE 1
#define GNULIB_TEST_PERROR 1
#define GNULIB_TEST_PSELECT 1
#define GNULIB_TEST_PTHREAD_COND 1
#define GNULIB_TEST_PTHREAD_MUTEX 1
#define PTHREAD_RWLOCK_BAD_WAITQUEUE 1
#define GNULIB_TEST_PTHREAD_RWLOCK 1
#define GNULIB_TEST_PTHREAD_THREAD 1
#define GNULIB_TEST_PTHREAD_MUTEX_TIMEDLOCK 1
#define HAVE_PTHREAD_SIGMASK 1
#define GNULIB_TEST_PTHREAD_SIGMASK 1
#define GNULIB_TEST_PUTENV 1
#define HAVE_INITSTATE 1
#define HAVE_SETSTATE 1
#define GNULIB_TEST_RANDOM 1
#define HAVE_STRUCT_RANDOM_DATA 1
#define HAVE_RANDOM_R 1
#define GNULIB_TEST_RANDOM_R 1
#define GNULIB_TEST_SCHED_YIELD 1
#define GNULIB_TEST_SELECT 1
#define GNULIB_SELECT IN_M4_GNULIB_TESTS
#define GNULIB_TEST_SETENV 1
#define GNULIB_TEST_SETSOCKOPT 1
#define GNULIB_SETSOCKOPT IN_M4_GNULIB_TESTS
#define HAVE_DECL_SLEEP 1
#define GNULIB_TEST_SLEEP 1
#define GNULIB_TEST_SOCKET 1
#define GNULIB_SOCKET IN_M4_GNULIB_TESTS
#define GNULIB_TEST_STR_ENDSWITH 1
#define GNULIB_TEST_STR_STARTSWITH 1
#define HAVE_CATGETS 1
#define GNULIB_TEST_STRERROR_R 1
#define GNULIB_STRERROR_R_POSIX IN_M4_GNULIB_TESTS
#define GNULIB_TEST_SYMLINK 1
#define HAVE_IPV4 1
#define HAVE_IPV6 1
#define HAVE_UNIXSOCKET 1
#define GNULIB_TEST_TIME 1
#define HAVE_DECL_TRUNC 1
#define GNULIB_TEST_TRUNC 1
#define HAVE_DECL_TRUNCL 1
#define GNULIB_TEST_TRUNCL 1
#define HAVE_UNSETENV 1
#define GNULIB_TEST_UNSETENV 1
#define GNULIB_TEST_WCTOB 1
#define GNULIB_TEST_WCTOMB 1
#define GNULIB_TEST_WRITE 1
#define RENAME_OPEN_FILE_WORKS 1
#define SYSCMD_SHELL "/bin/sh"
#define ENABLE_NLS 1
#define HAVE_GETTEXT 1
#define HAVE_DCGETTEXT 1

configure: exit 
=== File: ./wrt/build_dir/host/xz-5.8.3/config.log ===
#define HAVE_ENCODER_X86 1
#define HAVE_ENCODER_POWERPC 1
#define HAVE_ENCODER_IA64 1
#define HAVE_ENCODER_ARM 1
#define HAVE_ENCODER_ARMTHUMB 1
#define HAVE_ENCODER_ARM64 1
#define HAVE_ENCODER_SPARC 1
#define HAVE_ENCODER_RISCV 1
#define HAVE_ENCODERS 1
#define HAVE_DECODER_LZMA1 1
#define HAVE_DECODER_LZMA2 1
#define HAVE_DECODER_DELTA 1
#define HAVE_DECODER_X86 1
#define HAVE_DECODER_POWERPC 1
#define HAVE_DECODER_IA64 1
#define HAVE_DECODER_ARM 1
#define HAVE_DECODER_ARMTHUMB 1
#define HAVE_DECODER_ARM64 1
#define HAVE_DECODER_SPARC 1
#define HAVE_DECODER_RISCV 1
#define HAVE_DECODERS 1
#define HAVE_MF_HC3 1
#define HAVE_MF_HC4 1
#define HAVE_MF_BT2 1
#define HAVE_MF_BT3 1
#define HAVE_MF_BT4 1
#define HAVE_CHECK_CRC32 1
#define HAVE_CHECK_CRC64 1
#define HAVE_CHECK_SHA256 1
#define HAVE_LZIP_DECODER 1
#define ASSUME_RAM 128
#define PACKAGE "xz"
#define VERSION "5.8.3"
#define HAVE_STDIO_H 1
#define HAVE_STDLIB_H 1
#define HAVE_STRING_H 1
#define HAVE_INTTYPES_H 1
#define HAVE_STDINT_H 1
#define HAVE_STRINGS_H 1
#define HAVE_SYS_STAT_H 1
#define HAVE_SYS_TYPES_H 1
#define HAVE_UNISTD_H 1
#define HAVE_WCHAR_H 1
#define HAVE_SYS_CDEFS_H 1
#define STDC_HEADERS 1
#define _ALL_SOURCE 1
#define _COSMO_SOURCE 1
#define _DARWIN_C_SOURCE 1
#define _GNU_SOURCE 1
#define _HPUX_ALT_XOPEN_SOCKET_API 1
#define _NETBSD_SOURCE 1
#define _OPENBSD_SOURCE 1
#define _POSIX_PTHREAD_SEMANTICS 1
#define __STDC_WANT_IEC_60559_ATTRIBS_EXT__ 1
#define __STDC_WANT_IEC_60559_BFP_EXT__ 1
#define __STDC_WANT_IEC_60559_DFP_EXT__ 1
#define __STDC_WANT_IEC_60559_EXT__ 1
#define __STDC_WANT_IEC_60559_FUNCS_EXT__ 1
#define __STDC_WANT_IEC_60559_TYPES_EXT__ 1
#define __STDC_WANT_LIB_EXT2__ 1
#define __STDC_WANT_MATH_SPEC_FUNCS__ 1
#define _TANDEM_SOURCE 1
#define __EXTENSIONS__ 1
#define HAVE_PTHREAD_PRIO_INHERIT 1
#define MYTHREAD_POSIX 1
#define HAVE_PTHREAD_CONDATTR_SETCLOCK 1
#define HAVE_DLFCN_H 1
#define LT_OBJDIR ".libs/"
#define HAVE_IMMINTRIN_H 1
#define HAVE_CPUID_H 1
#define HAVE__BOOL 1
#define HAVE_STDBOOL_H 1
#define HAVE_UINTPTR_T 1
#define SIZEOF_SIZE_T 8
#define HAVE_STRUCT_STAT_ST_ATIM_TV_NSEC 1
#define HAVE_FUNC_ATTRIBUTE_CONSTRUCTOR 1
#define HAVE_GETOPT_H 1
#define HAVE_GETOPT_LONG 1
#define HAVE_CLOCK_GETTIME 1
#define HAVE_CLOCK_MONOTONIC 1
#define HAVE_FUTIMENS 1
#define HAVE_GETRLIMIT 1
#define HAVE_POSIX_FADVISE 1
#define HAVE_PROGRAM_INVOCATION_NAME 1
#define HAVE___BUILTIN_BSWAPXX 1
#define TUKLIB_FAST_UNALIGNED_ACCESS 1
#define HAVE___BUILTIN_ASSUME_ALIGNED 1
#define HAVE_SYS_PARAM_H 1
#define TUKLIB_PHYSMEM_SYSCONF 1
#define HAVE_SYS_PARAM_H 1
#define TUKLIB_CPUCORES_SCHED_GETAFFINITY 1
#define HAVE_MBRTOWC 1
#define HAVE_WCWIDTH 1
#define HAVE_VASPRINTF 1
#define HAVE__MM_MOVEMASK_EPI8 1
#define HAVE_USABLE_CLMUL 1
#define HAVE_LINUX_LANDLOCK 1
#define HAVE_VISIBILITY 1

configure: exit 
=== File: ./wrt/build_dir/host/dosfstools-4.2/config.log ===
am__fastdepCC_TRUE='#'
am__include='include'
am__isrc=''
am__leading_dot='.'
am__nodep=''
am__quote=''
am__rm_f_notfound=''
am__tar='tar --format=ustar -chf - "$$tardir"'
am__untar='tar -xf -'
am__xargs_n='xargs -n'
bindir='${exec_prefix}/bin'
build='x86_64-pc-linux-gnu'
build_alias='x86_64-pc-linux-gnu'
build_cpu='x86_64'
build_os='linux-gnu'
build_vendor='pc'
datadir='${datarootdir}'
datarootdir='${prefix}/share'
docdir='${datarootdir}/doc/${PACKAGE_TARNAME}'
dvidir='${docdir}'
exec_prefix='/mnt/build_wrt/staging_dir/host'
host='x86_64-pc-linux-gnu'
host_alias='x86_64-pc-linux-gnu'
host_cpu='x86_64'
host_os='linux-gnu'
host_vendor='pc'
htmldir='${docdir}'
includedir='${prefix}/include'
infodir='${datarootdir}/info'
install_sh='${SHELL} /mnt/build_wrt/build_dir/host/dosfstools-4.2/install-sh'
libdir='${exec_prefix}/lib'
libexecdir='${exec_prefix}/libexec'
localedir='${datarootdir}/locale'
localstatedir='/mnt/build_wrt/staging_dir/host/var'
mandir='${datarootdir}/man'
mkdir_p='$(MKDIR_P)'
oldincludedir='/usr/include'
pdfdir='${docdir}'
prefix='/mnt/build_wrt/staging_dir/host'
program_transform_name='s&$$&&;s&^&&'
psdir='${docdir}'
runstatedir='${localstatedir}/run'
sbindir='/mnt/build_wrt/staging_dir/host/bin'
sharedstatedir='${prefix}/com'
sysconfdir='/mnt/build_wrt/staging_dir/host/etc'
target_alias='x86_64-pc-linux-gnu'

## ----------- ##
## confdefs.h. ##
## ----------- ##

/* confdefs.h */
#define PACKAGE_NAME "dosfstools"
#define PACKAGE_TARNAME "dosfstools"
#define PACKAGE_VERSION "4.2"
#define PACKAGE_STRING "dosfstools 4.2"
#define PACKAGE_BUGREPORT ""
#define PACKAGE_URL ""
#define PACKAGE "dosfstools"
#define VERSION "4.2"
#define HAVE_STDIO_H 1
#define HAVE_STDLIB_H 1
#define HAVE_STRING_H 1
#define HAVE_INTTYPES_H 1
#define HAVE_STDINT_H 1
#define HAVE_STRINGS_H 1
#define HAVE_SYS_STAT_H 1
#define HAVE_SYS_TYPES_H 1
#define HAVE_UNISTD_H 1
#define HAVE_WCHAR_H 1
#define STDC_HEADERS 1
#define _ALL_SOURCE 1
#define _DARWIN_C_SOURCE 1
#define _GNU_SOURCE 1
#define _HPUX_ALT_XOPEN_SOCKET_API 1
#define _NETBSD_SOURCE 1
#define _OPENBSD_SOURCE 1
#define _POSIX_PTHREAD_SEMANTICS 1
#define __STDC_WANT_IEC_60559_ATTRIBS_EXT__ 1
#define __STDC_WANT_IEC_60559_BFP_EXT__ 1
#define __STDC_WANT_IEC_60559_DFP_EXT__ 1
#define __STDC_WANT_IEC_60559_EXT__ 1
#define __STDC_WANT_IEC_60559_FUNCS_EXT__ 1
#define __STDC_WANT_IEC_60559_TYPES_EXT__ 1
#define __STDC_WANT_LIB_EXT2__ 1
#define __STDC_WANT_MATH_SPEC_FUNCS__ 1
#define _TANDEM_SOURCE 1
#define __EXTENSIONS__ 1
#define HAVE_ERR_H 1
#define HAVE_LINUX_FD_H 1
#define HAVE_LINUX_HDREG_H 1
#define HAVE_LINUX_VERSION_H 1
#define HAVE_LINUX_LOOP_H 1
#define HAVE_SYS_QUEUE_H 1
#define HAVE_ENDIAN_H 1
#define HAVE_VASPRINTF 1
#define HAVE_DECL_GETMNTENT 1
#define HAVE_DECL_GETMNTINFO 0

configure: exit 0
